timestamp,node_id,ds18b20_temperature_c,dht22_temperature_c,dht22_humidity_pct,bmp280_temperature_c,bmp280_pressure_hpa,condition
2026-09-10T19:31:10.351977,AWS_003,26.69,27.2,93.9,27.12,946.21,normal
2026-09-10T19:31:12.403709,AWS_003,26.69,27.2,94.0,27.13,946.21,normal
2026-09-10T19:31:14.386643,AWS_003,26.69,27.2,93.9,27.13,946.2,normal
2026-09-10T19:31:16.404893,AWS_003,26.75,27.1,93.9,27.14,946.2,normal
2026-09-10T19:31:18.444331,AWS_003,26.69,27.2,93.8,27.14,946.2,normal
2026-09-10T19:31:20.522341,AWS_003,26.69,27.2,93.9,27.15,946.2,normal
2026-09-10T19:31:22.476301,AWS_003,26.69,27.2,93.8,27.15,946.2,normal
2026-09-10T19:31:24.476096,AWS_003,26.75,27.2,93.7,27.16,946.2,normal
2026-09-10T19:31:26.493161,AWS_003,26.69,27.2,93.8,27.16,946.2,normal
2026-09-10T19:31:28.511408,AWS_003,26.75,27.2,93.7,27.16,946.2,normal
2026-09-10T19:31:30.529165,AWS_003,26.69,27.2,93.6,27.17,946.2,normal
2026-09-10T19:31:32.547054,AWS_003,26.75,27.2,93.6,27.17,946.2,normal
2026-09-10T19:31:34.565086,AWS_003,26.75,27.2,93.6,27.17,946.2,normal
2026-09-10T19:31:36.583080,AWS_003,26.75,27.3,93.5,27.17,946.2,normal
2026-09-10T19:31:38.600273,AWS_003,26.69,27.3,93.5,27.17,946.2,normal
2026-09-10T19:31:40.617558,AWS_003,26.75,27.2,93.5,27.18,946.2,normal
2026-09-10T19:31:42.635919,AWS_003,26.69,27.3,93.5,27.18,946.2,normal
2026-09-10T19:31:44.653923,AWS_003,26.75,27.3,93.5,27.18,946.2,normal
2026-09-10T19:31:46.977764,AWS_003,26.75,27.3,93.4,27.18,946.2,normal
2026-09-10T19:31:48.689232,AWS_003,26.75,27.3,93.4,27.19,946.2,normal
2026-09-10T19:31:50.708085,AWS_003,26.75,27.3,93.4,27.19,946.2,normal
2026-09-10T19:31:52.725129,AWS_003,26.75,27.3,93.7,27.19,946.2,normal
2026-09-10T19:31:54.740779,AWS_003,26.75,27.3,93.9,27.19,946.2,normal
2026-09-10T19:31:56.758685,AWS_003,26.75,27.2,93.3,27.2,946.2,normal
2026-09-10T19:31:58.776933,AWS_003,26.75,27.3,93.7,27.2,946.21,normal
2026-09-10T19:32:00.795390,AWS_003,26.75,27.3,93.3,27.2,946.21,normal
2026-09-10T19:32:02.813671,AWS_003,26.75,27.3,93.8,27.2,946.21,normal
2026-09-10T19:32:04.831724,AWS_003,26.75,27.3,93.6,27.21,946.21,normal
2026-09-10T19:32:06.848807,AWS_003,26.75,27.3,93.7,27.21,946.21,normal
2026-09-10T19:32:08.866719,AWS_003,26.75,27.3,93.7,27.21,946.21,normal
2026-09-10T19:32:10.922308,AWS_003,26.75,27.3,93.6,27.21,946.21,normal
2026-09-10T19:32:12.910640,AWS_003,26.75,27.3,93.5,27.21,946.21,normal
2026-09-10T19:32:15.132276,AWS_003,26.75,27.3,93.6,27.21,946.21,normal
2026-09-10T19:32:17.414378,AWS_003,26.75,27.3,93.5,27.21,946.2,normal
2026-09-10T19:32:19.000515,AWS_003,26.75,27.3,93.6,27.21,946.2,normal
2026-09-10T19:32:21.043270,AWS_003,26.75,27.3,93.7,27.22,946.2,normal
2026-09-10T19:32:22.994442,AWS_003,26.75,27.3,93.7,27.22,946.2,normal
2026-09-10T19:32:25.055326,AWS_003,26.75,27.3,93.6,27.22,946.2,normal
2026-09-10T19:32:27.072744,AWS_003,26.75,27.3,93.5,27.22,946.2,normal
2026-09-10T19:32:29.048590,AWS_003,26.75,27.4,93.6,27.22,946.2,normal
2026-09-10T19:32:31.062636,AWS_003,26.75,27.3,93.5,27.22,946.2,normal
2026-09-10T19:32:33.092923,AWS_003,26.75,27.4,93.5,27.22,946.2,normal
2026-09-10T19:32:35.098792,AWS_003,26.75,27.3,93.5,27.22,946.19,normal
2026-09-10T19:32:37.115353,AWS_003,26.75,27.3,93.6,27.22,946.19,normal
2026-09-10T19:32:39.134179,AWS_003,26.75,27.4,93.5,27.22,946.19,normal
2026-09-10T19:32:41.151404,AWS_003,26.75,27.3,93.4,27.22,946.19,normal
2026-09-10T19:32:43.169879,AWS_003,26.75,27.4,93.5,27.22,946.19,normal
2026-09-10T19:32:45.289880,AWS_003,26.75,27.4,93.5,27.22,946.19,normal
2026-09-10T19:32:47.205610,AWS_003,26.75,27.4,93.5,27.22,946.19,normal
2026-09-10T19:32:49.237405,AWS_003,26.75,27.4,93.3,27.22,946.19,normal
2026-09-10T19:32:51.237264,AWS_003,26.75,27.4,93.4,27.23,946.19,normal
2026-09-10T19:32:53.262015,AWS_003,26.75,27.4,93.5,27.22,946.19,normal
2026-09-10T19:32:55.275846,AWS_003,26.75,27.4,93.3,27.22,946.19,normal
2026-09-10T19:32:57.294452,AWS_003,26.75,27.4,93.4,27.22,946.19,normal
2026-09-10T19:32:59.311174,AWS_003,26.75,27.3,93.2,27.22,946.19,normal
2026-09-10T19:33:01.328685,AWS_003,26.75,27.4,93.4,27.21,946.19,normal
2026-09-10T19:33:03.361646,AWS_003,26.75,27.3,93.3,27.21,946.19,normal
2026-09-10T19:33:05.364126,AWS_003,26.75,27.4,93.3,27.21,946.19,normal
2026-09-10T19:33:07.381875,AWS_003,26.69,27.4,93.3,27.2,946.19,normal
2026-09-10T19:33:09.400073,AWS_003,26.75,27.4,93.3,27.2,946.19,normal
2026-09-10T19:33:11.417126,AWS_003,26.75,27.4,93.3,27.2,946.19,normal
2026-09-10T19:33:13.435024,AWS_003,26.75,27.3,93.2,27.19,946.19,normal
2026-09-10T19:33:15.453483,AWS_003,26.69,27.3,93.3,27.19,946.19,normal
2026-09-10T19:33:17.471431,AWS_003,26.75,27.3,93.4,27.19,946.19,normal
2026-09-10T19:33:19.489053,AWS_003,26.69,27.4,93.4,27.18,946.19,normal
2026-09-10T19:33:21.496825,AWS_003,26.69,27.4,93.4,27.18,946.19,normal
2026-09-10T19:33:23.524198,AWS_003,26.75,27.3,93.3,27.18,946.19,normal
2026-09-10T19:33:25.540523,AWS_003,26.69,27.3,93.4,27.18,946.19,normal
2026-09-10T19:33:27.559054,AWS_003,26.69,27.3,93.4,27.18,946.2,normal
2026-09-10T19:33:29.580071,AWS_003,26.69,27.4,93.5,27.17,946.19,normal
2026-09-10T19:33:31.594948,AWS_003,26.75,27.3,93.3,27.17,946.2,normal
2026-09-10T19:33:33.612961,AWS_003,26.75,27.3,93.4,27.17,946.2,normal
2026-09-10T19:33:35.630403,AWS_003,26.75,27.4,93.4,27.17,946.2,normal
2026-09-10T19:33:37.648824,AWS_003,26.75,27.4,93.4,27.17,946.2,normal
2026-09-10T19:33:39.768892,AWS_003,26.75,27.4,93.4,27.16,946.19,normal
2026-09-10T19:33:41.672809,AWS_003,26.75,27.4,93.4,27.16,946.19,normal
2026-09-10T19:33:43.702921,AWS_003,26.75,27.4,93.5,27.16,946.2,normal
2026-09-10T19:33:45.719405,AWS_003,26.69,27.3,93.3,27.16,946.2,normal
2026-09-10T19:33:47.736956,AWS_003,26.75,27.4,93.4,27.16,946.2,normal
2026-09-10T19:33:49.754337,AWS_003,26.75,27.3,93.5,27.15,946.19,normal
2026-09-10T19:33:51.773134,AWS_003,26.69,27.3,93.4,27.15,946.19,normal
2026-09-10T19:33:53.781731,AWS_003,26.69,27.4,93.5,27.15,946.19,normal
2026-09-10T19:33:55.808368,AWS_003,26.69,27.4,93.4,27.15,946.19,normal
2026-09-10T19:33:57.826459,AWS_003,26.69,27.4,93.5,27.15,946.19,normal
2026-09-10T19:33:59.843550,AWS_003,26.69,27.3,93.5,27.14,946.19,normal
2026-09-10T19:34:01.861876,AWS_003,26.69,27.4,93.5,27.14,946.19,normal
2026-09-10T19:34:03.880123,AWS_003,26.69,27.4,93.5,27.14,946.18,normal
2026-09-10T19:34:05.897688,AWS_003,26.69,27.3,93.5,27.14,946.18,normal
2026-09-10T19:34:07.915973,AWS_003,26.69,27.4,93.5,27.14,946.18,normal
2026-09-10T19:34:09.933893,AWS_003,26.69,27.4,93.5,27.14,946.18,normal
2026-09-10T19:34:11.942728,AWS_003,26.69,27.4,93.4,27.14,946.18,normal
2026-09-10T19:34:13.969736,AWS_003,26.69,27.3,93.5,27.13,946.18,normal
2026-09-10T19:34:15.987783,AWS_003,26.69,27.3,93.6,27.13,946.18,normal
2026-09-10T19:34:18.005598,AWS_003,26.69,27.3,93.5,27.13,946.18,normal
2026-09-10T19:34:20.023259,AWS_003,26.69,27.3,93.5,27.13,946.18,normal
2026-09-10T19:34:22.040092,AWS_003,26.69,27.3,93.5,27.13,946.18,normal
2026-09-10T19:34:24.056399,AWS_003,26.69,27.3,93.6,27.13,946.18,normal
2026-09-10T19:34:26.072413,AWS_003,26.69,27.3,93.5,27.13,946.18,normal
2026-09-10T19:34:28.092586,AWS_003,26.69,27.3,93.5,27.13,946.18,normal
2026-09-10T19:34:37.373167,AWS_003,26.69,27.3,93.6,27.13,946.18,normal
2026-09-10T19:34:39.392230,AWS_003,26.69,27.3,93.4,27.12,946.17,normal
2026-09-10T19:34:41.401081,AWS_003,26.69,27.3,93.5,27.12,946.17,normal
2026-09-10T19:34:43.428746,AWS_003,26.69,27.3,93.6,27.12,946.17,normal
2026-09-10T19:34:45.446940,AWS_003,26.69,27.3,93.7,27.12,946.17,normal
2026-09-10T19:34:47.464474,AWS_003,26.75,27.3,93.5,27.12,946.17,normal
2026-09-10T19:34:49.475512,AWS_003,26.69,27.3,93.6,27.12,946.18,normal
2026-09-10T19:34:51.500407,AWS_003,26.69,27.3,93.6,27.12,946.18,normal
2026-09-10T19:34:53.518257,AWS_003,26.69,27.3,93.6,27.12,946.18,normal
2026-09-10T19:34:55.535621,AWS_003,26.69,27.3,93.6,27.12,946.18,normal
2026-09-10T19:34:57.553396,AWS_003,26.75,27.3,93.6,27.12,946.17,normal
2026-09-10T19:34:59.570692,AWS_003,26.69,27.3,93.5,27.12,946.18,normal
2026-09-10T19:35:01.593967,AWS_003,26.69,27.3,93.6,27.12,946.18,normal
2026-09-10T19:35:03.605862,AWS_003,26.69,27.3,93.5,27.12,946.17,normal
2026-09-10T19:35:05.623534,AWS_003,26.69,27.3,93.6,27.12,946.18,normal
2026-09-10T19:35:07.636669,AWS_003,26.69,27.3,93.6,27.12,946.18,normal
2026-09-10T19:35:09.657861,AWS_003,26.69,27.3,93.5,27.12,946.17,normal
2026-09-10T19:35:11.676322,AWS_003,26.69,27.3,93.7,27.12,946.17,normal
2026-09-10T19:35:13.683314,AWS_003,26.69,27.3,93.0,27.12,946.18,normal
2026-09-10T19:35:15.702986,AWS_003,26.69,27.3,93.5,27.12,946.17,normal
2026-09-10T19:35:17.720229,AWS_003,26.69,27.3,93.6,27.12,946.17,normal
2026-09-10T19:35:19.735174,AWS_003,26.69,27.3,93.6,27.12,946.17,normal
2026-09-10T19:35:38.113483,AWS_003,26.69,27.3,93.6,27.11,946.17,normal
2026-09-10T19:35:45.212822,AWS_003,26.69,27.3,93.6,27.11,946.17,normal
2026-09-10T19:35:48.398867,AWS_003,26.69,27.3,93.7,27.11,946.17,normal
2026-09-10T19:35:50.410419,AWS_003,26.69,27.3,93.6,27.11,946.17,normal
2026-09-10T19:35:52.425793,AWS_003,26.69,27.3,93.5,27.11,946.17,normal
2026-09-10T19:35:54.447205,AWS_003,26.69,27.3,93.6,27.11,946.18,normal
2026-09-10T19:35:56.467346,AWS_003,26.69,27.3,93.7,27.11,946.18,normal
2026-09-10T19:35:58.488646,AWS_003,26.69,27.3,93.6,27.11,946.18,normal
2026-09-10T19:36:00.506798,AWS_003,26.69,27.3,93.6,27.11,946.18,normal
2026-09-10T19:36:02.524908,AWS_003,26.69,27.3,93.6,27.11,946.18,normal
2026-09-10T19:36:04.542776,AWS_003,26.69,27.3,93.5,27.11,946.18,normal
2026-09-10T19:36:06.561667,AWS_003,26.69,27.3,93.7,27.11,946.17,normal
2026-09-10T19:36:08.569513,AWS_003,26.69,27.3,93.6,27.12,946.17,normal
2026-09-10T19:36:10.585417,AWS_003,26.69,27.4,93.6,27.12,946.17,normal
2026-09-10T19:36:12.615151,AWS_003,26.69,27.4,93.6,27.12,946.18,normal
2026-09-10T19:36:14.632751,AWS_003,26.69,27.3,93.6,27.12,946.17,normal
2026-09-10T19:36:16.651196,AWS_003,26.69,27.3,93.5,27.12,946.18,normal
2026-09-10T19:36:18.668633,AWS_003,26.69,27.4,93.6,27.13,946.18,normal
2026-09-10T19:36:20.682120,AWS_003,26.75,27.4,93.5,27.13,946.19,normal
2026-09-10T19:36:22.704756,AWS_003,26.75,27.4,93.4,27.13,946.19,normal
2026-09-10T19:36:24.713301,AWS_003,26.69,27.4,93.4,27.13,946.19,normal
2026-09-10T19:36:26.729822,AWS_003,26.69,27.4,93.5,27.13,946.18,normal
2026-09-10T19:36:28.758490,AWS_003,26.75,27.4,93.4,27.13,946.18,normal
2026-09-10T19:36:30.777844,AWS_003,26.75,27.4,93.5,27.13,946.18,normal
2026-09-10T19:36:32.794210,AWS_003,26.75,27.4,93.2,27.13,946.18,normal
2026-09-10T19:36:34.812468,AWS_003,26.75,27.4,93.3,27.13,946.18,normal
2026-09-10T19:36:36.830542,AWS_003,26.75,27.4,93.4,27.12,946.18,normal
2026-09-10T19:36:38.847893,AWS_003,26.75,27.4,93.4,27.12,946.18,normal
2026-09-10T19:36:40.866551,AWS_003,26.75,27.4,93.4,27.12,946.18,normal
2026-09-10T19:36:42.885139,AWS_003,26.75,27.4,93.3,27.12,946.18,normal
2026-09-10T19:36:44.890437,AWS_003,26.75,27.4,93.2,27.12,946.18,normal
2026-09-10T19:36:46.913359,AWS_003,26.75,27.4,93.3,27.12,946.18,normal
2026-09-10T19:36:48.932743,AWS_003,26.75,27.4,93.2,27.12,946.17,normal
2026-09-10T19:36:50.956039,AWS_003,26.75,27.4,93.3,27.12,946.17,normal
2026-09-10T19:36:52.973362,AWS_003,26.75,27.4,93.3,27.12,946.17,normal
2026-09-10T19:36:54.993127,AWS_003,26.81,27.4,93.4,27.12,946.17,normal
2026-09-10T19:36:57.000213,AWS_003,26.75,27.4,93.2,27.12,946.17,normal
2026-09-10T19:36:59.088646,AWS_003,26.75,nan,nan,27.12,946.17,normal
2026-09-10T19:37:01.049780,AWS_003,26.75,27.4,93.3,27.12,946.17,normal
2026-09-10T19:37:03.066991,AWS_003,26.75,27.4,93.2,27.12,946.18,normal
2026-09-10T19:37:05.081886,AWS_003,26.75,27.4,93.2,27.12,946.18,normal
2026-09-10T19:37:07.097294,AWS_003,26.75,27.4,93.1,27.13,946.18,normal
2026-09-10T19:37:09.124981,AWS_003,26.75,27.4,93.2,27.13,946.18,normal
2026-09-10T19:37:11.128872,AWS_003,26.75,27.4,93.0,27.13,946.19,normal
2026-09-10T19:37:13.160390,AWS_003,26.81,27.4,93.1,27.13,946.19,normal
2026-09-10T19:37:15.178084,AWS_003,26.81,27.4,93.1,27.13,946.19,normal
2026-09-10T19:37:17.195672,AWS_003,26.81,27.4,93.0,27.13,946.2,normal
2026-09-10T19:37:19.214284,AWS_003,26.81,27.4,93.1,27.13,946.2,normal
2026-09-10T19:37:21.231597,AWS_003,26.81,27.4,93.0,27.13,946.2,normal
2026-09-10T19:37:23.250391,AWS_003,26.81,27.4,93.1,27.13,946.2,normal
2026-09-10T19:37:25.255438,AWS_003,26.75,27.4,93.0,27.13,946.19,normal
2026-09-10T19:37:27.286227,AWS_003,26.81,27.4,93.0,27.13,946.2,normal
2026-09-10T19:37:29.303983,AWS_003,26.81,27.4,92.9,27.13,946.2,normal
2026-09-10T19:37:31.322133,AWS_003,26.75,27.4,93.0,27.12,946.2,normal
2026-09-10T19:37:33.335626,AWS_003,26.81,27.4,93.0,27.12,946.2,normal
2026-09-10T19:37:35.348381,AWS_003,26.81,27.4,93.0,27.12,946.2,normal
2026-09-10T19:37:37.375764,AWS_003,26.81,27.4,93.0,27.12,946.19,normal
2026-09-10T19:37:39.393418,AWS_003,26.75,27.4,92.9,27.12,946.19,normal
2026-09-10T19:37:41.411579,AWS_003,26.81,27.4,93.0,27.12,946.19,normal
2026-09-10T19:37:43.429643,AWS_003,26.81,27.4,93.1,27.12,946.19,normal
2026-09-10T19:37:45.435359,AWS_003,26.81,27.4,93.0,27.12,946.2,normal
2026-09-10T19:37:47.462923,AWS_003,26.81,27.4,92.9,27.12,946.2,normal
2026-09-10T19:37:49.474040,AWS_003,26.81,27.4,93.0,27.12,946.2,normal
2026-09-10T19:37:51.500399,AWS_003,26.81,27.4,93.0,27.12,946.2,normal
2026-09-10T19:37:53.518425,AWS_003,26.75,27.3,93.1,27.12,946.2,normal
2026-09-10T19:37:55.536377,AWS_003,26.75,27.3,92.9,27.12,946.19,normal
2026-09-10T19:37:57.547381,AWS_003,26.75,27.4,92.9,27.12,946.2,normal
2026-09-10T19:37:59.572465,AWS_003,26.75,27.4,92.9,27.12,946.2,normal
2026-09-10T19:38:01.578623,AWS_003,26.75,27.3,92.9,27.12,946.2,normal
2026-09-10T19:38:03.608725,AWS_003,26.75,27.4,92.9,27.12,946.2,normal
2026-09-10T19:38:05.626956,AWS_003,26.81,27.4,93.1,27.12,946.2,normal
2026-09-10T19:38:07.644899,AWS_003,26.81,27.4,93.0,27.12,946.19,normal
2026-09-10T19:38:09.662446,AWS_003,26.75,27.4,92.9,27.12,946.19,normal
2026-09-10T19:38:11.674543,AWS_003,26.81,27.4,93.1,27.12,946.19,normal
2026-09-10T19:38:13.698519,AWS_003,26.81,27.4,93.0,27.12,946.19,normal
2026-09-10T19:38:15.707484,AWS_003,26.81,27.4,93.1,27.12,946.19,normal
2026-09-10T19:38:17.734737,AWS_003,26.81,27.3,93.0,27.11,946.19,normal
2026-09-10T19:38:19.751991,AWS_003,26.81,27.4,93.0,27.11,946.18,normal
2026-09-10T19:38:21.758390,AWS_003,26.81,27.3,93.0,27.11,946.18,normal
2026-09-10T19:38:23.788735,AWS_003,26.81,27.3,93.1,27.11,946.19,normal
2026-09-10T19:38:25.800623,AWS_003,26.81,27.3,93.0,27.11,946.19,normal
2026-09-10T19:38:27.825997,AWS_003,26.75,27.3,93.1,27.11,946.2,normal
2026-09-10T19:38:29.841291,AWS_003,26.81,27.3,93.0,27.11,946.19,normal
2026-09-10T19:38:31.859531,AWS_003,26.75,27.3,93.0,27.11,946.2,normal
2026-09-10T19:38:33.876768,AWS_003,26.81,27.4,93.2,27.11,946.2,normal
2026-09-10T19:38:35.895050,AWS_003,26.81,27.4,93.1,27.11,946.2,normal
2026-09-10T19:38:37.913180,AWS_003,26.75,27.4,93.1,27.11,946.2,normal
2026-09-10T19:38:39.931538,AWS_003,26.81,27.3,93.0,27.11,946.2,normal
2026-09-10T19:38:41.948989,AWS_003,26.81,27.4,93.0,27.12,946.2,normal
2026-09-10T19:38:43.966522,AWS_003,26.75,27.3,93.1,27.12,946.2,normal
2026-09-10T19:38:45.986299,AWS_003,26.81,27.4,93.1,27.12,946.2,normal
2026-09-10T19:38:48.003805,AWS_003,26.81,27.3,93.1,27.12,946.2,normal
2026-09-10T19:38:50.021948,AWS_003,26.81,27.3,93.0,27.11,946.2,normal
2026-09-10T19:38:52.038804,AWS_003,26.81,27.3,93.1,27.11,946.2,normal
2026-09-10T19:38:54.072684,AWS_003,26.81,27.3,93.0,27.11,946.2,normal
2026-09-10T19:38:56.074514,AWS_003,26.81,27.3,93.1,27.11,946.2,normal
2026-09-10T19:38:58.092729,AWS_003,26.81,27.3,93.0,27.11,946.2,normal
2026-09-10T19:39:00.111042,AWS_003,26.75,27.3,93.1,27.11,946.2,normal
2026-09-10T19:39:02.129084,AWS_003,26.75,27.3,93.1,27.11,946.21,normal
2026-09-10T19:39:04.147242,AWS_003,26.81,27.3,93.1,27.11,946.21,normal
2026-09-10T19:39:06.165179,AWS_003,26.81,27.3,93.0,27.11,946.21,normal
2026-09-10T19:39:08.186835,AWS_003,26.75,27.4,93.0,27.11,946.21,normal
2026-09-10T19:39:10.201064,AWS_003,26.81,27.3,92.7,27.11,946.21,normal
2026-09-10T19:39:12.219387,AWS_003,26.81,27.3,93.1,27.11,946.22,normal
2026-09-10T19:39:14.236819,AWS_003,26.81,27.3,93.1,27.12,946.21,normal
2026-09-10T19:39:16.257489,AWS_003,26.81,27.4,93.0,27.12,946.21,normal
2026-09-10T19:39:18.273449,AWS_003,26.75,27.3,93.1,27.12,946.21,normal
2026-09-10T19:39:20.290759,AWS_003,26.81,27.3,93.2,27.12,946.21,normal
2026-09-10T19:39:22.309084,AWS_003,26.81,27.3,92.7,27.12,946.21,normal
2026-09-10T19:39:24.325848,AWS_003,26.81,27.3,93.1,27.12,946.21,normal
2026-09-10T19:39:26.343700,AWS_003,26.81,27.3,93.0,27.12,946.21,normal
2026-09-10T19:39:28.449819,AWS_003,26.81,27.3,93.1,27.12,946.21,normal
2026-09-10T19:39:30.384767,AWS_003,26.81,27.3,93.2,27.12,946.21,normal
2026-09-10T19:39:32.397890,AWS_003,26.81,27.3,93.2,27.12,946.21,normal
2026-09-10T19:39:34.415823,AWS_003,26.75,27.3,93.1,27.11,946.21,normal
2026-09-10T19:39:36.433658,AWS_003,26.81,27.3,93.0,27.11,946.21,normal
2026-09-10T19:39:38.450884,AWS_003,26.81,27.3,93.2,27.11,946.22,normal
2026-09-10T19:39:40.469970,AWS_003,26.81,27.3,93.1,27.11,946.21,normal
2026-09-10T19:39:42.488013,AWS_003,26.81,27.3,93.1,27.11,946.21,normal
2026-09-10T19:39:44.504647,AWS_003,26.81,27.3,93.2,27.11,946.21,normal
2026-09-10T19:39:46.543201,AWS_003,26.75,27.3,93.1,27.11,946.21,normal
2026-09-10T19:39:48.541077,AWS_003,26.81,27.3,93.1,27.11,946.21,normal
2026-09-10T19:39:50.558377,AWS_003,26.81,27.3,93.1,27.11,946.21,normal
2026-09-10T19:39:52.576835,AWS_003,26.75,27.3,92.6,27.11,946.21,normal
2026-09-10T19:39:54.594536,AWS_003,26.75,27.3,93.2,27.11,946.22,normal
2026-09-10T19:39:56.612291,AWS_003,26.75,27.3,93.1,27.11,946.22,normal
2026-09-10T19:39:58.630724,AWS_003,26.81,27.3,93.2,27.11,946.22,normal
2026-09-10T19:40:00.648392,AWS_003,26.81,27.3,93.2,27.11,946.22,normal
2026-09-10T19:40:02.661832,AWS_003,26.81,27.3,92.7,27.1,946.22,normal
2026-09-10T19:40:04.684303,AWS_003,26.81,27.3,93.2,27.1,946.21,normal
2026-09-10T19:40:06.702151,AWS_003,26.81,27.3,93.2,27.1,946.22,normal
2026-09-10T19:40:08.720508,AWS_003,26.81,27.3,92.7,27.1,946.22,normal
2026-09-10T19:40:10.738129,AWS_003,26.75,27.3,93.2,27.1,946.23,normal
2026-09-10T19:40:12.756617,AWS_003,26.81,27.3,93.3,27.1,946.24,normal
2026-09-10T19:40:14.774356,AWS_003,26.81,27.3,93.1,27.1,946.24,normal
2026-09-10T19:40:16.792350,AWS_003,26.81,27.3,93.1,27.11,946.24,normal
2026-09-10T19:40:18.810107,AWS_003,26.81,27.3,93.2,27.11,946.24,normal
2026-09-10T19:40:20.829126,AWS_003,26.81,27.3,93.2,27.11,946.24,normal
2026-09-10T19:40:22.846272,AWS_003,26.81,27.3,93.1,27.11,946.25,normal
2026-09-10T19:40:24.864086,AWS_003,26.81,27.3,93.1,27.11,946.25,normal
2026-09-10T19:40:26.882135,AWS_003,26.81,27.3,93.1,27.11,946.25,normal
2026-09-10T19:40:28.900595,AWS_003,26.81,27.3,93.2,27.11,946.25,normal
2026-09-10T19:40:30.918273,AWS_003,26.81,27.3,92.6,27.11,946.25,normal
2026-09-10T19:40:32.937410,AWS_003,26.81,27.3,93.2,27.1,946.25,normal
2026-09-10T19:40:34.954354,AWS_003,26.81,27.3,93.1,27.1,946.25,normal
2026-09-10T19:40:36.972027,AWS_003,26.75,27.3,93.2,27.11,946.25,normal
2026-09-10T19:40:38.990698,AWS_003,26.81,27.3,93.1,27.11,946.25,normal
2026-09-10T19:40:41.008314,AWS_003,26.75,27.3,93.2,27.1,946.25,normal
2026-09-10T19:40:43.026215,AWS_003,26.75,27.3,92.7,27.1,946.25,normal
2026-09-10T19:40:45.044283,AWS_003,26.75,27.3,93.2,27.1,946.25,normal
2026-09-10T19:40:47.081221,AWS_003,26.75,27.3,92.7,27.1,946.25,normal
2026-09-10T19:40:49.078964,AWS_003,26.75,27.3,93.1,27.1,946.25,normal
2026-09-10T19:40:51.096679,AWS_003,26.81,27.3,93.2,27.1,946.25,normal
2026-09-10T19:40:53.114707,AWS_003,26.75,27.3,93.2,27.1,946.25,normal
2026-09-10T19:40:55.133048,AWS_003,26.75,27.3,93.3,27.11,946.26,normal
2026-09-10T19:40:57.151723,AWS_003,26.81,27.3,93.1,27.1,946.26,normal
2026-09-10T19:40:59.169056,AWS_003,26.81,27.3,93.2,27.1,946.26,normal
2026-09-10T19:41:01.186784,AWS_003,26.81,27.3,92.8,27.1,946.26,normal
2026-09-10T19:41:03.204687,AWS_003,26.81,27.3,93.2,27.1,946.25,normal
2026-09-10T19:41:05.222958,AWS_003,26.75,27.3,93.3,27.11,946.26,normal
2026-09-10T19:41:07.241400,AWS_003,26.81,27.3,92.9,27.11,946.25,normal
2026-09-10T19:41:09.259178,AWS_003,26.75,27.3,92.8,27.11,946.25,normal
2026-09-10T19:41:11.276389,AWS_003,26.81,27.3,92.7,27.11,946.26,normal
2026-09-10T19:41:13.299397,AWS_003,26.75,27.3,92.7,27.11,946.26,normal
2026-09-10T19:41:15.312623,AWS_003,26.81,27.3,92.6,27.11,946.26,normal
2026-09-10T19:41:17.331148,AWS_003,26.75,27.3,92.7,27.11,946.26,normal
2026-09-10T19:41:19.349005,AWS_003,26.75,27.3,92.7,27.11,946.26,normal
2026-09-10T19:41:21.366664,AWS_003,26.81,27.3,93.1,27.11,946.26,normal
2026-09-10T19:41:23.385487,AWS_003,26.75,27.3,93.3,27.1,946.25,normal
2026-09-10T19:41:25.402688,AWS_003,26.75,27.3,92.7,27.1,946.26,normal
2026-09-10T19:41:27.415798,AWS_003,26.81,27.3,93.2,27.1,946.26,normal
2026-09-10T19:41:29.438954,AWS_003,26.75,27.3,92.7,27.1,946.26,normal
2026-09-10T19:41:31.452968,AWS_003,26.75,27.3,93.2,27.1,946.27,normal
2026-09-10T19:41:33.466707,AWS_003,26.75,27.3,93.2,27.1,946.27,normal
2026-09-10T19:41:35.493910,AWS_003,26.75,27.3,92.7,27.1,946.27,normal
2026-09-10T19:41:37.511846,AWS_003,26.75,27.3,92.7,27.1,946.27,normal
2026-09-10T19:41:39.529577,AWS_003,26.81,27.3,93.1,27.1,946.27,normal
2026-09-10T19:41:41.547505,AWS_003,26.75,27.3,93.2,27.1,946.27,normal
2026-09-10T19:41:43.557628,AWS_003,26.81,27.3,92.8,27.1,946.27,normal
2026-09-10T19:41:45.583226,AWS_003,26.75,27.3,93.1,27.1,946.27,normal
2026-09-10T19:41:47.601586,AWS_003,26.75,27.2,92.7,27.1,946.27,normal
2026-09-10T19:41:49.620110,AWS_003,26.75,27.3,92.7,27.1,946.27,normal
2026-09-10T19:41:51.637942,AWS_003,26.81,27.3,92.7,27.1,946.28,normal
2026-09-10T19:41:53.656160,AWS_003,26.81,27.3,92.7,27.1,946.28,normal
2026-09-10T19:41:55.665324,AWS_003,26.75,27.3,92.8,27.1,946.28,normal
2026-09-10T19:41:57.691053,AWS_003,26.75,27.3,92.8,27.1,946.28,normal
2026-09-10T19:41:59.710075,AWS_003,26.75,27.3,92.8,27.1,946.28,normal
2026-09-10T19:42:01.727610,AWS_003,26.75,27.3,92.8,27.11,946.28,normal
2026-09-10T19:42:03.735073,AWS_003,26.81,27.3,93.2,27.11,946.28,normal
2026-09-10T19:42:05.760636,AWS_003,26.75,27.3,92.6,27.1,946.28,normal
2026-09-10T19:42:07.781461,AWS_003,26.81,27.3,93.2,27.1,946.28,normal
2026-09-10T19:42:09.798357,AWS_003,26.75,27.3,92.6,27.1,946.29,normal
2026-09-10T19:42:11.819755,AWS_003,26.75,27.3,92.8,27.1,946.28,normal
2026-09-10T19:42:13.833836,AWS_003,26.75,27.3,92.6,27.1,946.28,normal
2026-09-10T19:42:15.838989,AWS_003,26.75,27.3,92.7,27.1,946.29,normal
2026-09-10T19:42:17.866659,AWS_003,26.81,27.3,92.8,27.1,946.29,normal
2026-09-10T19:42:19.883307,AWS_003,26.75,27.3,92.7,27.1,946.29,normal
2026-09-10T19:42:21.902156,AWS_003,26.75,27.3,92.6,27.1,946.28,normal
2026-09-10T19:42:23.924435,AWS_003,26.81,27.3,92.7,27.1,946.28,normal
2026-09-10T19:42:25.942258,AWS_003,26.75,27.2,92.7,27.1,946.28,normal
2026-09-10T19:42:27.956631,AWS_003,26.75,27.3,92.7,27.1,946.28,normal
2026-09-10T19:42:29.977802,AWS_003,26.75,27.2,92.8,27.1,946.29,normal
2026-09-10T19:42:31.996017,AWS_003,26.75,27.3,92.7,27.11,946.3,normal
2026-09-10T19:42:34.013421,AWS_003,26.75,27.3,92.8,27.11,946.29,normal
2026-09-10T19:42:36.030668,AWS_003,26.81,27.3,92.6,27.11,946.29,normal
2026-09-10T19:42:38.048831,AWS_003,26.81,27.3,92.8,27.11,946.29,normal
2026-09-10T19:42:40.067519,AWS_003,26.75,27.3,92.6,27.11,946.29,normal
2026-09-10T19:42:42.070966,AWS_003,26.75,27.3,92.9,27.11,946.29,normal
2026-09-10T19:42:44.103088,AWS_003,26.75,27.3,93.2,27.11,946.29,normal
2026-09-10T19:42:46.110103,AWS_003,26.75,27.3,92.8,27.11,946.29,normal
2026-09-10T19:42:48.141330,AWS_003,26.75,27.3,92.8,27.11,946.29,normal
2026-09-10T19:42:50.157845,AWS_003,26.75,27.3,93.1,27.11,946.3,normal
2026-09-10T19:42:52.176227,AWS_003,26.75,27.3,92.8,27.1,946.3,normal
2026-09-10T19:42:54.194039,AWS_003,26.75,27.3,92.8,27.1,946.3,normal
2026-09-10T19:42:56.212239,AWS_003,26.75,27.2,92.7,27.1,946.3,normal
2026-09-10T19:42:58.230573,AWS_003,26.75,27.3,92.8,27.11,946.3,normal
2026-09-10T19:43:00.247929,AWS_003,26.75,27.3,92.7,27.11,946.3,normal
2026-09-10T19:43:02.265946,AWS_003,26.75,27.3,92.7,27.11,946.3,normal
2026-09-10T19:43:04.284096,AWS_003,26.81,27.3,92.7,27.11,946.3,normal
2026-09-10T19:43:06.301555,AWS_003,26.75,27.3,93.3,27.11,946.3,normal
2026-09-10T19:43:08.319890,AWS_003,26.81,27.3,92.7,27.11,946.31,normal
2026-09-10T19:43:10.337856,AWS_003,26.81,27.2,92.7,27.11,946.31,normal
2026-09-10T19:43:12.340742,AWS_003,26.75,27.3,92.7,27.11,946.31,normal
2026-09-10T19:43:14.373686,AWS_003,26.75,27.3,92.7,27.11,946.31,normal
2026-09-10T19:43:16.395938,AWS_003,26.75,27.3,92.6,27.11,946.31,normal
2026-09-10T19:43:18.409024,AWS_003,26.81,27.3,92.6,27.1,946.31,normal
2026-09-10T19:43:20.427357,AWS_003,26.75,27.3,92.7,27.11,946.31,normal
2026-09-10T19:43:22.444952,AWS_003,26.75,27.3,92.8,27.11,946.3,normal
2026-09-10T19:43:24.462979,AWS_003,26.75,27.3,92.7,27.11,946.3,normal
2026-09-10T19:43:26.480820,AWS_003,26.75,27.3,92.8,27.11,946.31,normal
2026-09-10T19:43:28.498434,AWS_003,26.75,27.3,92.8,27.11,946.31,normal
2026-09-10T19:43:30.516505,AWS_003,26.75,27.3,92.7,27.12,946.32,normal
2026-09-10T19:43:32.534794,AWS_003,26.75,27.3,93.2,27.12,946.32,normal
2026-09-10T19:43:34.552539,AWS_003,26.81,27.2,92.7,27.12,946.32,normal
2026-09-10T19:43:36.572527,AWS_003,26.75,27.3,93.2,27.12,946.33,normal
2026-09-10T19:43:38.592073,AWS_003,26.81,27.3,92.7,27.12,946.32,normal
2026-09-10T19:43:40.606266,AWS_003,26.81,27.2,92.7,27.12,946.32,normal
2026-09-10T19:43:42.624674,AWS_003,26.75,27.3,92.6,27.12,946.32,normal
2026-09-10T19:43:44.642855,AWS_003,26.75,27.3,92.7,27.12,946.32,normal
2026-09-10T19:43:46.660985,AWS_003,26.75,27.3,92.7,27.12,946.32,normal
2026-09-10T19:43:48.678961,AWS_003,26.75,27.3,92.7,27.12,946.32,normal
2026-09-10T19:43:50.689240,AWS_003,26.75,27.3,92.7,27.12,946.32,normal
2026-09-10T19:43:52.714783,AWS_003,26.81,27.3,92.7,27.12,946.32,normal
2026-09-10T19:43:54.732226,AWS_003,26.81,27.3,92.8,27.12,946.33,normal
2026-09-10T19:43:56.750815,AWS_003,26.75,27.3,92.7,27.12,946.33,normal
2026-09-10T19:43:58.770894,AWS_003,26.75,27.3,92.7,27.12,946.33,normal
2026-09-10T19:44:00.816714,AWS_003,26.75,27.3,92.8,27.13,946.33,normal
2026-09-10T19:44:02.805585,AWS_003,26.81,27.3,92.8,27.13,946.33,normal
2026-09-10T19:44:04.822363,AWS_003,26.81,27.3,92.7,27.13,946.34,normal
2026-09-10T19:44:06.839204,AWS_003,26.81,27.3,92.9,27.13,946.34,normal
2026-09-10T19:44:08.857269,AWS_003,26.81,27.3,92.6,27.13,946.34,normal
2026-09-10T19:44:10.875132,AWS_003,26.75,27.3,92.8,27.14,946.34,normal
2026-09-10T19:44:12.895743,AWS_003,26.81,27.3,92.8,27.14,946.34,normal
2026-09-10T19:44:14.910857,AWS_003,26.75,27.2,92.7,27.14,946.34,normal
2026-09-10T19:44:16.929192,AWS_003,26.81,27.3,92.6,27.14,946.34,normal
2026-09-10T19:44:18.946849,AWS_003,26.81,27.3,92.7,27.14,946.34,normal
2026-09-10T19:44:20.966912,AWS_003,26.81,27.2,92.7,27.15,946.34,normal
2026-09-10T19:44:22.987055,AWS_003,26.81,27.3,92.7,27.15,946.34,normal
2026-09-10T19:44:25.001575,AWS_003,26.81,27.3,92.7,27.15,946.34,normal
2026-09-10T19:44:27.021938,AWS_003,26.81,27.3,92.7,27.15,946.35,normal
2026-09-10T19:44:29.036593,AWS_003,26.81,27.3,93.2,27.15,946.35,normal
2026-09-10T19:44:31.055071,AWS_003,26.81,27.3,93.2,27.15,946.36,normal
2026-09-10T19:44:33.072938,AWS_003,26.81,27.3,93.2,27.15,946.36,normal
2026-09-10T19:44:35.090882,AWS_003,26.81,27.3,92.7,27.15,946.36,normal
2026-09-10T19:44:37.108596,AWS_003,26.81,27.3,92.8,27.15,946.36,normal
2026-09-10T19:44:39.126558,AWS_003,26.81,27.3,92.7,27.15,946.37,normal
2026-09-10T19:44:41.144367,AWS_003,26.81,27.3,92.7,27.15,946.37,normal
2026-09-10T19:44:43.161959,AWS_003,26.81,27.3,92.7,27.15,946.36,normal
2026-09-10T19:44:45.180825,AWS_003,26.81,27.3,93.1,27.15,946.36,normal
2026-09-10T19:44:47.197794,AWS_003,26.81,27.3,92.6,27.14,946.36,normal
2026-09-10T19:44:49.215596,AWS_003,26.81,27.3,93.2,27.14,946.36,normal
2026-09-10T19:44:51.233477,AWS_003,26.81,27.2,92.6,27.14,946.35,normal
2026-09-10T19:44:53.251488,AWS_003,26.75,27.3,92.7,27.13,946.36,normal
2026-09-10T19:44:55.269921,AWS_003,26.75,27.3,92.7,27.13,946.36,normal
2026-09-10T19:44:57.284516,AWS_003,26.81,27.3,92.7,27.13,946.36,normal
2026-09-10T19:44:59.305998,AWS_003,26.81,27.3,93.1,27.13,946.35,normal
2026-09-10T19:45:01.324134,AWS_003,26.75,27.3,93.3,27.14,946.36,normal
2026-09-10T19:45:03.341785,AWS_003,26.81,27.3,93.2,27.14,946.36,normal
2026-09-10T19:45:05.359160,AWS_003,26.81,27.3,92.7,27.14,946.36,normal
2026-09-10T19:45:07.377825,AWS_003,26.81,27.2,92.6,27.14,946.36,normal
2026-09-10T19:45:09.400289,AWS_003,26.75,27.3,92.7,27.14,946.35,normal
2026-09-10T19:45:11.413918,AWS_003,26.81,27.3,92.5,27.14,946.35,normal
2026-09-10T19:45:13.431750,AWS_003,26.75,27.3,92.7,27.14,946.35,normal
2026-09-10T19:45:15.449627,AWS_003,26.75,27.3,92.7,27.13,946.35,normal
2026-09-10T19:45:17.467858,AWS_003,26.81,27.3,93.2,27.13,946.35,normal
2026-09-10T19:45:19.485617,AWS_003,26.81,27.3,92.6,27.13,946.36,normal
2026-09-10T19:45:21.503561,AWS_003,26.81,27.3,92.7,27.13,946.36,normal
2026-09-10T19:45:23.521449,AWS_003,26.81,27.3,92.7,27.14,946.37,normal
2026-09-10T19:45:25.539744,AWS_003,26.81,27.3,92.6,27.14,946.37,normal
2026-09-10T19:45:27.557849,AWS_003,26.81,27.3,92.7,27.14,946.37,normal
2026-09-10T19:45:29.575384,AWS_003,26.81,27.3,92.7,27.14,946.37,normal
2026-09-10T19:45:31.586517,AWS_003,26.81,27.3,92.7,27.14,946.37,normal
2026-09-10T19:45:33.633031,AWS_003,26.81,27.3,92.7,27.14,946.37,normal
2026-09-10T19:45:35.639494,AWS_003,26.81,27.3,93.1,27.14,946.38,normal
2026-09-10T19:45:37.647634,AWS_003,26.81,27.3,92.6,27.14,946.38,normal
2026-09-10T19:45:39.665824,AWS_003,26.81,27.3,92.6,27.14,946.38,normal
2026-09-10T19:45:41.683898,AWS_003,26.81,27.3,93.2,27.13,946.38,normal
2026-09-10T19:45:43.701883,AWS_003,26.81,27.3,92.7,27.13,946.39,normal
2026-09-10T19:45:45.718146,AWS_003,26.81,27.3,92.6,27.13,946.39,normal
2026-09-10T19:45:47.736047,AWS_003,26.81,27.3,93.1,27.13,946.39,normal
2026-09-10T19:45:49.754421,AWS_003,26.75,27.3,92.6,27.13,946.39,normal
2026-09-10T19:45:51.776861,AWS_003,26.81,27.3,92.5,27.13,946.39,normal
2026-09-10T19:45:53.790561,AWS_003,26.75,27.3,92.6,27.13,946.39,normal
2026-09-10T19:45:55.811000,AWS_003,26.75,27.3,92.7,27.13,946.39,normal
2026-09-10T19:45:57.825626,AWS_003,26.81,27.3,92.6,27.13,946.39,normal
2026-09-10T19:45:59.843301,AWS_003,26.81,27.3,92.6,27.13,946.39,normal
2026-09-10T19:46:01.861453,AWS_003,26.81,27.3,92.5,27.13,946.39,normal
2026-09-10T19:46:03.879225,AWS_003,26.81,27.3,92.5,27.13,946.38,normal
2026-09-10T19:46:05.897461,AWS_003,26.81,27.3,92.7,27.13,946.39,normal
2026-09-10T19:46:07.915349,AWS_003,26.81,27.3,92.6,27.13,946.39,normal
2026-09-10T19:46:09.932836,AWS_003,26.81,27.3,93.1,27.13,946.39,normal
2026-09-10T19:46:11.951046,AWS_003,26.81,27.3,92.6,27.14,946.39,normal
2026-09-10T19:46:13.969326,AWS_003,26.81,27.3,92.6,27.14,946.39,normal
2026-09-10T19:46:15.986949,AWS_003,26.81,27.3,93.1,27.14,946.39,normal
2026-09-10T19:46:18.006704,AWS_003,26.81,27.3,92.6,27.14,946.39,normal
2026-09-10T19:46:20.023370,AWS_003,26.75,27.3,93.0,27.14,946.39,normal
2026-09-10T19:46:22.041279,AWS_003,26.81,27.3,92.7,27.14,946.39,normal
2026-09-10T19:46:24.058686,AWS_003,26.81,27.3,92.6,27.14,946.4,normal
2026-09-10T19:46:26.077195,AWS_003,26.81,27.2,92.6,27.14,946.4,normal
2026-09-10T19:46:28.097052,AWS_003,26.75,27.3,93.0,27.13,946.39,normal
2026-09-10T19:46:30.115847,AWS_003,26.75,27.3,92.5,27.13,946.39,normal
2026-09-10T19:46:32.130738,AWS_003,26.75,27.3,92.5,27.13,946.39,normal
2026-09-10T19:46:34.148891,AWS_003,26.75,27.2,92.6,27.13,946.4,normal
2026-09-10T19:46:36.167707,AWS_003,26.81,27.3,92.6,27.13,946.4,normal
2026-09-10T19:46:38.193625,AWS_003,26.75,27.3,92.6,27.13,946.4,normal
2026-09-10T19:46:40.203091,AWS_003,26.75,27.3,92.6,27.13,946.4,normal
2026-09-10T19:46:42.220103,AWS_003,26.75,27.3,92.6,27.12,946.4,normal
2026-09-10T19:46:44.239402,AWS_003,26.75,27.2,92.6,27.12,946.4,normal
2026-09-10T19:46:46.251588,AWS_003,26.75,27.3,92.7,27.12,946.4,normal
2026-09-10T19:46:48.274961,AWS_003,26.75,27.3,92.5,27.11,946.4,normal
2026-09-10T19:46:50.292793,AWS_003,26.75,27.3,92.5,27.11,946.4,normal
2026-09-10T19:46:52.307496,AWS_003,26.75,27.3,92.5,27.11,946.4,normal
2026-09-10T19:46:54.328901,AWS_003,26.75,27.3,92.7,27.11,946.41,normal
2026-09-10T19:46:56.379180,AWS_003,26.75,27.3,92.5,27.11,946.41,normal
2026-09-10T19:46:58.364717,AWS_003,26.75,27.3,93.2,27.1,946.41,normal
2026-09-10T19:47:00.382806,AWS_003,26.75,27.3,92.6,27.1,946.41,normal
2026-09-10T19:47:02.400799,AWS_003,26.75,27.3,92.6,27.1,946.41,normal
2026-09-10T19:47:04.419042,AWS_003,26.75,27.3,92.6,27.1,946.41,normal
2026-09-10T19:47:06.436684,AWS_003,26.75,27.2,92.6,27.1,946.41,normal
2026-09-10T19:47:08.454641,AWS_003,26.75,27.2,92.6,27.1,946.41,normal
2026-09-10T19:47:10.474439,AWS_003,26.75,27.3,92.6,27.1,946.41,normal
2026-09-10T19:47:12.489625,AWS_003,26.75,27.3,92.6,27.1,946.41,normal
2026-09-10T19:47:14.507515,AWS_003,26.75,27.2,92.6,27.1,946.41,normal
2026-09-10T19:47:16.527342,AWS_003,26.75,27.3,92.6,27.1,946.41,normal
2026-09-10T19:47:18.540319,AWS_003,26.75,27.3,92.7,27.1,946.41,normal
2026-09-10T19:47:20.554181,AWS_003,26.75,27.3,92.5,27.1,946.41,normal
2026-09-10T19:47:22.579510,AWS_003,26.75,27.2,92.7,27.1,946.4,normal
2026-09-10T19:47:24.597556,AWS_003,26.75,27.2,92.6,27.1,946.4,normal
2026-09-10T19:47:26.610713,AWS_003,26.75,27.3,92.6,27.1,946.4,normal
2026-09-10T19:47:28.633542,AWS_003,26.75,27.3,92.5,27.1,946.41,normal
2026-09-10T19:47:30.649577,AWS_003,26.69,27.2,92.6,27.1,946.4,normal
2026-09-10T19:47:32.669480,AWS_003,26.75,27.3,92.7,27.1,946.41,normal
2026-09-10T19:47:34.687913,AWS_003,26.75,27.3,92.7,27.1,946.41,normal
2026-09-10T19:47:36.704738,AWS_003,26.75,27.2,92.7,27.1,946.41,normal
2026-09-10T19:47:38.713364,AWS_003,26.75,27.3,92.6,27.1,946.41,normal
2026-09-10T19:47:40.741826,AWS_003,26.75,27.2,92.6,27.1,946.41,normal
2026-09-10T19:47:42.759935,AWS_003,26.75,27.2,92.7,27.1,946.41,normal
2026-09-10T19:47:44.769949,AWS_003,26.75,27.2,92.6,27.1,946.41,normal
2026-09-10T19:47:46.789779,AWS_003,26.75,27.2,92.7,27.1,946.41,normal
2026-09-10T19:47:48.809012,AWS_003,26.75,27.3,92.6,27.1,946.42,normal
2026-09-10T19:47:50.826564,AWS_003,26.75,27.2,92.7,27.1,946.42,normal
2026-09-10T19:47:52.835053,AWS_003,26.75,27.2,92.6,27.1,946.42,normal
2026-09-10T19:47:54.866975,AWS_003,26.75,27.2,92.7,27.1,946.42,normal
2026-09-10T19:47:56.884986,AWS_003,26.75,27.3,92.6,27.1,946.42,normal
2026-09-10T19:47:58.903331,AWS_003,26.75,27.3,92.7,27.1,946.41,normal
2026-09-10T19:48:00.921160,AWS_003,26.75,27.2,92.8,27.1,946.41,normal
2026-09-10T19:48:02.937765,AWS_003,26.75,27.2,92.6,27.1,946.42,normal
2026-09-10T19:48:04.955495,AWS_003,26.69,27.2,92.8,27.1,946.41,normal
2026-09-10T19:48:06.967520,AWS_003,26.75,27.2,92.7,27.1,946.41,normal
2026-09-10T19:48:08.988354,AWS_003,26.75,27.2,92.8,27.1,946.41,normal
2026-09-10T19:48:10.996263,AWS_003,26.75,27.3,92.7,27.1,946.41,normal
2026-09-10T19:48:13.019609,AWS_003,26.75,27.2,92.6,27.1,946.41,normal
2026-09-10T19:48:15.043681,AWS_003,26.75,27.3,92.7,27.1,946.41,normal
2026-09-10T19:48:17.061723,AWS_003,26.75,27.2,92.7,27.1,946.41,normal
2026-09-10T19:48:19.094339,AWS_003,26.75,27.2,92.8,27.1,946.41,normal
2026-09-10T19:48:21.092616,AWS_003,26.75,27.2,92.7,27.1,946.41,normal
2026-09-10T19:48:23.104154,AWS_003,26.75,27.2,92.7,27.1,946.41,normal
2026-09-10T19:48:25.134270,AWS_003,26.69,27.3,92.7,27.09,946.41,normal
2026-09-10T19:48:27.145204,AWS_003,26.69,27.2,92.7,27.09,946.42,normal
2026-09-10T19:48:29.162183,AWS_003,26.69,27.3,92.8,27.09,946.41,normal
2026-09-10T19:48:31.182668,AWS_003,26.69,27.2,92.8,27.09,946.41,normal
2026-09-10T19:48:33.204645,AWS_003,26.75,27.2,92.7,27.09,946.41,normal
2026-09-10T19:48:35.220464,AWS_003,26.69,27.2,92.7,27.09,946.41,normal
2026-09-10T19:48:37.240815,AWS_003,26.75,27.2,92.6,27.09,946.41,normal
2026-09-10T19:48:39.258869,AWS_003,26.75,27.2,92.6,27.09,946.41,normal
2026-09-10T19:48:41.276037,AWS_003,26.75,27.2,92.5,27.09,946.41,normal
2026-09-10T19:48:43.285915,AWS_003,26.75,27.3,92.6,27.09,946.41,normal
2026-09-10T19:48:45.312874,AWS_003,26.75,27.2,92.8,27.09,946.42,normal
2026-09-10T19:48:47.329492,AWS_003,26.75,27.2,92.7,27.09,946.41,normal
2026-09-10T19:48:49.357139,AWS_003,26.75,27.2,92.6,27.09,946.41,normal
2026-09-10T19:48:51.365103,AWS_003,26.75,27.3,92.8,27.09,946.41,normal
2026-09-10T19:48:53.369843,AWS_003,26.75,27.2,92.6,27.09,946.41,normal
2026-09-10T19:48:55.394352,AWS_003,26.69,27.2,92.7,27.09,946.41,normal
2026-09-10T19:48:57.414720,AWS_003,26.75,27.2,92.6,27.09,946.41,normal
2026-09-10T19:48:59.432406,AWS_003,26.75,27.3,92.8,27.1,946.41,normal
2026-09-10T19:49:01.455450,AWS_003,26.75,27.2,92.7,27.1,946.41,normal
2026-09-10T19:49:03.473211,AWS_003,26.75,27.2,92.7,27.11,946.41,normal
2026-09-10T19:49:05.491432,AWS_003,26.75,27.2,92.7,27.11,946.41,normal
2026-09-10T19:49:07.509617,AWS_003,26.75,27.2,92.7,27.11,946.41,normal
2026-09-10T19:49:09.527515,AWS_003,26.75,27.3,92.7,27.11,946.41,normal
2026-09-10T19:49:11.544188,AWS_003,26.75,27.2,92.8,27.11,946.41,normal
2026-09-10T19:49:13.550567,AWS_003,26.75,27.2,92.7,27.11,946.41,normal
2026-09-10T19:49:15.574362,AWS_003,26.75,27.2,92.7,27.11,946.41,normal
2026-09-10T19:49:17.599429,AWS_003,26.75,27.2,92.6,27.11,946.41,normal
2026-09-10T19:49:19.615910,AWS_003,26.75,27.3,92.7,27.11,946.41,normal
2026-09-10T19:49:21.629604,AWS_003,26.75,27.2,92.7,27.11,946.41,normal
2026-09-10T19:49:23.652756,AWS_003,26.75,27.2,92.7,27.11,946.42,normal
2026-09-10T19:49:25.664081,AWS_003,26.75,27.2,92.6,27.11,946.41,normal
2026-09-10T19:49:27.688162,AWS_003,26.75,27.3,92.6,27.11,946.41,normal
2026-09-10T19:49:29.695117,AWS_003,26.75,27.3,92.6,27.11,946.42,normal
2026-09-10T19:49:31.722411,AWS_003,26.75,27.2,92.6,27.11,946.42,normal
2026-09-10T19:49:33.735565,AWS_003,26.75,27.2,92.7,27.11,946.42,normal
2026-09-10T19:49:35.756876,AWS_003,26.75,27.2,92.7,27.11,946.43,normal
2026-09-10T19:49:37.777701,AWS_003,26.75,27.3,92.7,27.11,946.43,normal
2026-09-10T19:49:39.792244,AWS_003,26.75,27.2,92.6,27.11,946.43,normal
2026-09-10T19:49:41.814658,AWS_003,26.75,27.2,92.7,27.11,946.43,normal
2026-09-10T19:49:43.827171,AWS_003,26.75,27.3,92.7,27.11,946.43,normal
2026-09-10T19:49:45.850315,AWS_003,26.75,27.2,92.5,27.11,946.43,normal
2026-09-10T19:49:47.860616,AWS_003,26.75,27.3,92.7,27.1,946.43,normal
2026-09-10T19:49:49.885759,AWS_003,26.75,27.3,92.6,27.1,946.43,normal
2026-09-10T19:49:51.909530,AWS_003,26.75,27.2,92.7,27.1,946.43,normal
2026-09-10T19:49:53.912536,AWS_003,26.75,27.2,92.7,27.1,946.43,normal
2026-09-10T19:49:55.930655,AWS_003,26.75,27.2,92.6,27.1,946.43,normal
2026-09-10T19:49:57.952036,AWS_003,26.75,27.2,92.7,27.1,946.42,normal
2026-09-10T19:49:59.974038,AWS_003,26.75,27.3,92.7,27.1,946.42,normal
2026-09-10T19:50:01.989431,AWS_003,26.75,27.2,92.7,27.1,946.42,normal
2026-09-10T19:50:04.002079,AWS_003,26.75,27.2,92.6,27.11,946.42,normal
2026-09-10T19:50:06.028984,AWS_003,26.75,27.2,92.6,27.11,946.42,normal
2026-09-10T19:50:08.046882,AWS_003,26.75,27.2,92.8,27.11,946.42,normal
2026-09-10T19:50:10.052212,AWS_003,26.75,27.2,92.7,27.11,946.42,normal
2026-09-10T19:50:12.082398,AWS_003,26.75,27.2,92.7,27.11,946.42,normal
2026-09-10T19:50:14.100563,AWS_003,26.75,27.2,92.7,27.12,946.43,normal
2026-09-10T19:50:16.119865,AWS_003,26.75,27.2,92.7,27.12,946.43,normal
2026-09-10T19:50:18.137136,AWS_003,26.75,27.2,92.6,27.12,946.43,normal
2026-09-10T19:50:20.154278,AWS_003,26.75,27.2,92.7,27.12,946.43,normal
2026-09-10T19:50:22.159514,AWS_003,26.75,27.2,92.7,27.12,946.43,normal
2026-09-10T19:50:24.191139,AWS_003,26.75,27.2,92.7,27.12,946.43,normal
2026-09-10T19:50:26.205412,AWS_003,26.75,27.2,92.6,27.12,946.43,normal
2026-09-10T19:50:28.225994,AWS_003,26.75,27.3,92.7,27.12,946.43,normal
2026-09-10T19:50:30.243717,AWS_003,26.75,27.2,92.7,27.12,946.43,normal
2026-09-10T19:50:32.261889,AWS_003,26.75,27.2,92.6,27.12,946.44,normal
2026-09-10T19:50:34.280160,AWS_003,26.75,27.3,92.6,27.11,946.44,normal
2026-09-10T19:50:36.297449,AWS_003,26.75,27.3,92.6,27.11,946.44,normal
2026-09-10T19:50:38.316646,AWS_003,26.75,27.2,92.8,27.11,946.44,normal
2026-09-10T19:50:40.337514,AWS_003,26.75,27.2,92.5,27.11,946.44,normal
2026-09-10T19:50:42.350644,AWS_003,26.75,27.2,92.7,27.12,946.44,normal
2026-09-10T19:50:44.364562,AWS_003,26.75,27.2,92.7,27.12,946.44,normal
2026-09-10T19:50:46.386700,AWS_003,26.75,27.2,92.6,27.13,946.44,normal
2026-09-10T19:50:48.404174,AWS_003,26.75,27.2,92.7,27.13,946.45,normal
2026-09-10T19:50:50.422452,AWS_003,26.75,27.2,92.6,27.14,946.45,normal
2026-09-10T19:50:52.440554,AWS_003,26.75,27.3,92.7,27.14,946.45,normal
2026-09-10T19:50:54.458719,AWS_003,26.75,27.2,92.6,27.14,946.46,normal
2026-09-10T19:50:56.479602,AWS_003,26.75,27.2,92.6,27.15,946.46,normal
2026-09-10T19:50:58.494831,AWS_003,26.75,27.2,92.6,27.15,946.46,normal
2026-09-10T19:51:00.507297,AWS_003,26.75,27.2,92.8,27.15,946.46,normal
2026-09-10T19:51:02.529881,AWS_003,26.81,27.2,92.6,27.16,946.46,normal
2026-09-10T19:51:04.547907,AWS_003,26.81,27.2,92.7,27.16,946.46,normal
2026-09-10T19:51:06.581260,AWS_003,26.81,27.2,92.5,27.16,946.46,normal
2026-09-10T19:51:08.583381,AWS_003,26.81,27.2,92.6,27.17,946.46,normal
2026-09-10T19:51:10.601328,AWS_003,26.81,27.3,92.6,27.17,946.46,normal
2026-09-10T19:51:12.611362,AWS_003,26.81,27.2,92.6,27.17,946.46,normal
2026-09-10T19:51:14.637922,AWS_003,26.81,27.3,92.6,27.17,946.46,normal
2026-09-10T19:51:16.655390,AWS_003,26.81,27.3,92.7,27.17,946.45,normal
2026-09-10T19:51:18.673291,AWS_003,26.75,27.2,92.6,27.17,946.45,normal
2026-09-10T19:51:20.691403,AWS_003,26.81,27.2,92.7,27.17,946.46,normal
2026-09-10T19:51:22.708784,AWS_003,26.81,27.2,92.6,27.17,946.46,normal
2026-09-10T19:51:24.726781,AWS_003,26.81,27.2,92.7,27.17,946.46,normal
2026-09-10T19:51:26.745126,AWS_003,26.75,27.3,92.6,27.17,946.46,normal
2026-09-10T19:51:28.796335,AWS_003,26.81,27.3,92.6,27.17,946.46,normal
2026-09-10T19:51:30.780900,AWS_003,26.75,27.3,92.5,27.17,946.46,normal
2026-09-10T19:51:32.799036,AWS_003,26.81,27.2,92.6,27.17,946.46,normal
2026-09-10T19:51:34.816923,AWS_003,26.81,27.2,92.5,27.17,946.46,normal
2026-09-10T19:51:36.835231,AWS_003,26.75,27.3,92.6,27.16,946.46,normal
2026-09-10T19:51:38.852850,AWS_003,26.75,27.2,92.6,27.16,946.46,normal
2026-09-10T19:51:40.871123,AWS_003,26.81,27.3,92.5,27.15,946.46,normal
2026-09-10T19:51:42.887970,AWS_003,26.75,27.2,92.5,27.15,946.46,normal
2026-09-10T19:51:44.907179,AWS_003,26.75,27.3,92.6,27.15,946.46,normal
2026-09-10T19:51:46.923944,AWS_003,26.75,27.2,92.6,27.14,946.46,normal
2026-09-10T19:51:48.941707,AWS_003,26.75,27.2,92.5,27.14,946.46,normal
2026-09-10T19:51:50.959787,AWS_003,26.75,27.3,92.7,27.13,946.46,normal
2026-09-10T19:51:52.979839,AWS_003,26.75,27.3,92.7,27.13,946.47,normal
2026-09-10T19:51:54.996199,AWS_003,26.75,27.3,92.6,27.13,946.47,normal
2026-09-10T19:51:57.013906,AWS_003,26.75,27.3,92.7,27.12,946.47,normal
2026-09-10T19:51:59.026415,AWS_003,26.75,27.2,92.7,27.12,946.47,normal
2026-09-10T19:52:01.049760,AWS_003,26.75,27.2,92.7,27.12,946.48,normal
2026-09-10T19:52:03.068477,AWS_003,26.75,27.2,92.6,27.12,946.48,normal
2026-09-10T19:52:05.085860,AWS_003,26.75,27.2,92.7,27.12,946.48,normal
2026-09-10T19:52:07.103599,AWS_003,26.75,27.2,92.7,27.12,946.48,normal
2026-09-10T19:52:09.123057,AWS_003,26.75,27.2,92.4,27.12,946.48,normal
2026-09-10T19:52:11.139699,AWS_003,26.75,27.3,92.6,27.13,946.48,normal
2026-09-10T19:52:13.157575,AWS_003,26.75,27.2,92.7,27.13,946.48,normal
2026-09-10T19:52:15.176456,AWS_003,26.75,27.2,92.6,27.13,946.48,normal
2026-09-10T19:52:17.190693,AWS_003,26.75,27.2,92.7,27.13,946.48,normal
2026-09-10T19:52:19.211820,AWS_003,26.75,27.2,92.6,27.13,946.48,normal
2026-09-10T19:52:21.230211,AWS_003,26.75,27.2,92.7,27.13,946.48,normal
2026-09-10T19:52:23.259955,AWS_003,26.75,27.2,92.6,27.13,946.48,normal
2026-09-10T19:52:25.264505,AWS_003,26.75,27.2,92.5,27.13,946.48,normal
2026-09-10T19:52:27.283664,AWS_003,26.75,27.2,92.6,27.13,946.48,normal
2026-09-10T19:52:29.310469,AWS_003,26.75,27.2,92.7,27.13,946.48,normal
2026-09-10T19:52:31.319293,AWS_003,26.75,27.2,92.6,27.13,946.48,normal
2026-09-10T19:52:33.337547,AWS_003,26.75,27.3,92.6,27.13,946.48,normal
2026-09-10T19:52:35.355361,AWS_003,26.75,27.2,92.6,27.13,946.48,normal
2026-09-10T19:52:37.379825,AWS_003,26.75,27.2,92.6,27.13,946.48,normal
2026-09-10T19:52:39.396815,AWS_003,26.75,27.3,92.7,27.13,946.48,normal
2026-09-10T19:52:41.410763,AWS_003,26.75,27.2,92.6,27.12,946.48,normal
2026-09-10T19:52:43.428427,AWS_003,26.75,27.2,92.7,27.12,946.48,normal
2026-09-10T19:52:45.446283,AWS_003,26.75,27.2,92.6,27.13,946.49,normal
2026-09-10T19:52:47.464850,AWS_003,26.75,27.2,92.7,27.13,946.48,normal
2026-09-10T19:52:49.480951,AWS_003,26.75,27.3,92.6,27.13,946.49,normal
2026-09-10T19:52:51.500617,AWS_003,26.75,27.2,92.5,27.13,946.49,normal
2026-09-10T19:52:53.517881,AWS_003,26.75,27.3,92.6,27.12,946.49,normal
2026-09-10T19:52:55.537099,AWS_003,26.75,27.2,92.7,27.12,946.49,normal
2026-09-10T19:52:57.554753,AWS_003,26.75,27.2,92.6,27.12,946.49,normal
2026-09-10T19:52:59.572034,AWS_003,26.75,27.2,92.5,27.12,946.49,normal
2026-09-10T19:53:01.590150,AWS_003,26.75,27.2,92.7,27.12,946.49,normal
2026-09-10T19:53:03.608024,AWS_003,26.75,27.2,92.6,27.12,946.49,normal
2026-09-10T19:53:05.648578,AWS_003,26.75,27.3,92.6,27.12,946.49,normal
2026-09-10T19:53:07.663774,AWS_003,26.75,27.2,92.5,27.12,946.49,normal
2026-09-10T19:53:09.666298,AWS_003,26.75,27.2,92.6,27.12,946.49,normal
2026-09-10T19:53:11.704230,AWS_003,26.75,27.2,92.6,27.12,946.49,normal
2026-09-10T19:53:13.713347,AWS_003,26.69,27.2,92.7,27.11,946.49,normal
2026-09-10T19:53:15.755960,AWS_003,26.75,27.2,92.7,27.11,946.49,normal
2026-09-10T19:53:17.770782,AWS_003,26.69,27.3,92.6,27.11,946.49,normal
2026-09-10T19:53:19.754962,AWS_003,26.75,27.2,92.6,27.11,946.49,normal
2026-09-10T19:53:21.769570,AWS_003,26.75,27.2,92.5,27.11,946.49,normal
2026-09-10T19:53:23.787036,AWS_003,26.75,27.2,92.7,27.11,946.49,normal
2026-09-10T19:53:25.811702,AWS_003,26.75,27.2,92.7,27.11,946.49,normal
2026-09-10T19:53:27.824546,AWS_003,26.75,27.2,92.5,27.11,946.49,normal
2026-09-10T19:53:29.840768,AWS_003,26.75,27.2,92.6,27.11,946.49,normal
2026-09-10T19:53:31.861372,AWS_003,26.75,27.2,92.6,27.11,946.49,normal
2026-09-10T19:53:33.868056,AWS_003,26.75,27.3,92.5,27.11,946.49,normal
2026-09-10T19:53:35.894955,AWS_003,26.69,27.2,92.6,27.11,946.5,normal
2026-09-10T19:53:37.912981,AWS_003,26.75,27.2,92.6,27.11,946.5,normal
2026-09-10T19:53:39.938938,AWS_003,26.75,27.2,92.6,27.11,946.49,normal
2026-09-10T19:53:41.983357,AWS_003,26.75,27.2,92.5,27.11,946.49,normal
2026-09-10T19:53:44.023237,AWS_003,26.69,27.2,92.6,27.11,946.49,normal
2026-09-10T19:53:46.001105,AWS_003,26.75,27.2,92.6,27.1,946.49,normal
2026-09-10T19:53:47.992770,AWS_003,26.75,27.2,92.5,27.1,946.49,normal
2026-09-10T19:53:50.011689,AWS_003,26.69,27.2,92.7,27.1,946.5,normal
2026-09-10T19:53:52.038711,AWS_003,26.75,27.2,92.5,27.1,946.49,normal
2026-09-10T19:53:54.055465,AWS_003,26.75,27.2,92.6,27.1,946.49,normal
2026-09-10T19:53:56.072712,AWS_003,26.69,27.2,92.7,27.1,946.49,normal
2026-09-10T19:53:58.086456,AWS_003,26.69,27.2,92.6,27.09,946.5,normal
2026-09-10T19:54:00.108295,AWS_003,26.69,27.2,92.6,27.09,946.5,normal
2026-09-10T19:54:02.122767,AWS_003,26.69,27.2,92.6,27.09,946.51,normal
2026-09-10T19:54:04.135361,AWS_003,26.69,27.2,92.5,27.1,946.51,normal
2026-09-10T19:54:06.155302,AWS_003,26.75,27.2,92.6,27.1,946.51,normal
2026-09-10T19:54:08.180492,AWS_003,26.69,27.2,92.6,27.09,946.5,normal
2026-09-10T19:54:10.305642,AWS_003,26.75,27.2,92.6,27.09,946.51,normal
2026-09-10T19:54:12.216814,AWS_003,26.69,27.2,92.7,27.09,946.51,normal
2026-09-10T19:54:14.234808,AWS_003,26.69,27.2,92.7,27.09,946.51,normal
2026-09-10T19:54:16.249937,AWS_003,26.69,27.2,92.6,27.09,946.51,normal
2026-09-10T19:54:18.263962,AWS_003,26.75,27.2,92.6,27.08,946.51,normal
2026-09-10T19:54:20.288410,AWS_003,26.69,27.2,92.6,27.08,946.51,normal
2026-09-10T19:54:22.307129,AWS_003,26.69,27.2,92.7,27.08,946.51,normal
2026-09-10T19:54:24.324695,AWS_003,26.75,27.2,92.7,27.08,946.51,normal
2026-09-10T19:54:26.343063,AWS_003,26.69,27.2,92.6,27.09,946.51,normal
2026-09-10T19:54:28.371436,AWS_003,26.69,27.2,92.6,27.09,946.52,normal
2026-09-10T19:54:30.378826,AWS_003,26.69,27.2,92.7,27.09,946.52,normal
2026-09-10T19:54:32.388840,AWS_003,26.69,27.2,92.6,27.09,946.52,normal
2026-09-10T19:54:34.399882,AWS_003,26.69,27.2,92.8,27.09,946.52,normal
2026-09-10T19:54:36.421087,AWS_003,26.69,27.2,92.7,27.09,946.52,normal
2026-09-10T19:54:38.444305,AWS_003,26.69,27.2,92.6,27.09,946.52,normal
2026-09-10T19:54:40.460349,AWS_003,26.69,27.2,92.7,27.09,946.52,normal
2026-09-10T19:54:42.485354,AWS_003,26.69,27.2,92.6,27.09,946.52,normal
2026-09-10T19:54:44.502488,AWS_003,26.69,27.2,92.6,27.09,946.51,normal
2026-09-10T19:54:46.519858,AWS_003,26.69,27.2,92.8,27.1,946.51,normal
2026-09-10T19:54:48.536794,AWS_003,26.75,27.2,92.7,27.1,946.51,normal
2026-09-10T19:54:50.557376,AWS_003,26.75,27.2,92.6,27.1,946.51,normal
2026-09-10T19:54:52.569170,AWS_003,26.69,27.2,92.7,27.11,946.51,normal
2026-09-10T19:54:54.590884,AWS_003,26.69,27.2,92.7,27.11,946.5,normal
2026-09-10T19:54:56.602119,AWS_003,26.69,27.2,92.6,27.11,946.5,normal
2026-09-10T19:54:58.622336,AWS_003,26.75,27.2,92.6,27.11,946.5,normal
2026-09-10T19:55:00.643982,AWS_003,26.75,27.2,92.8,27.12,946.5,normal
2026-09-10T19:55:02.657026,AWS_003,26.69,27.2,92.6,27.12,946.5,normal
2026-09-10T19:55:04.677915,AWS_003,26.75,27.2,92.7,27.12,946.5,normal
2026-09-10T19:55:06.694636,AWS_003,26.69,27.2,92.6,27.12,946.51,normal
2026-09-10T19:55:08.703558,AWS_003,26.69,27.2,92.6,27.12,946.51,normal
2026-09-10T19:55:10.729605,AWS_003,26.69,27.2,92.6,27.12,946.51,normal
2026-09-10T19:55:12.750822,AWS_003,26.69,27.2,92.7,27.12,946.51,normal
2026-09-10T19:55:14.773994,AWS_003,26.75,27.2,92.6,27.12,946.51,normal
2026-09-10T19:55:16.779880,AWS_003,26.75,27.2,92.7,27.12,946.51,normal
2026-09-10T19:55:18.804800,AWS_003,26.69,27.2,92.6,27.12,946.5,normal
2026-09-10T19:55:20.820417,AWS_003,26.75,27.2,92.6,27.12,946.51,normal
2026-09-10T19:55:22.841038,AWS_003,26.75,27.2,92.6,27.12,946.51,normal
2026-09-10T19:55:24.858642,AWS_003,26.75,27.2,92.6,27.12,946.51,normal
2026-09-10T19:55:26.865592,AWS_003,26.75,27.2,92.5,27.12,946.5,normal
2026-09-10T19:55:28.894039,AWS_003,26.75,27.2,92.7,27.12,946.5,normal
2026-09-10T19:55:30.913625,AWS_003,26.75,27.2,92.7,27.12,946.5,normal
2026-09-10T19:55:32.930945,AWS_003,26.75,27.2,92.7,27.12,946.5,normal
2026-09-10T19:55:34.948419,AWS_003,26.69,27.2,92.6,27.12,946.5,normal
2026-09-10T19:55:36.969669,AWS_003,26.75,27.2,92.5,27.12,946.5,normal
2026-09-10T19:55:38.984697,AWS_003,26.75,27.2,92.8,27.12,946.5,normal
2026-09-10T19:55:40.989525,AWS_003,26.69,27.1,92.7,27.12,946.5,normal
2026-09-10T19:55:43.019980,AWS_003,26.75,27.2,92.7,27.12,946.5,normal
2026-09-10T19:55:45.037769,AWS_003,26.69,27.2,92.7,27.12,946.49,normal
2026-09-10T19:55:47.051191,AWS_003,26.75,27.2,92.6,27.12,946.5,normal
2026-09-10T19:55:49.073903,AWS_003,26.75,27.2,92.6,27.12,946.5,normal
2026-09-10T19:55:51.091821,AWS_003,26.75,27.2,92.7,27.12,946.5,normal
2026-09-10T19:55:53.109498,AWS_003,26.75,27.2,92.6,27.11,946.5,normal
2026-09-10T19:55:55.127774,AWS_003,26.69,27.2,92.6,27.11,946.49,normal
2026-09-10T19:55:57.144994,AWS_003,26.69,27.2,92.7,27.11,946.5,normal
2026-09-10T19:55:59.164030,AWS_003,26.69,27.2,92.6,27.11,946.5,normal
2026-09-10T19:56:01.180386,AWS_003,26.75,27.2,92.7,27.1,946.5,normal
2026-09-10T19:56:03.199034,AWS_003,26.69,27.2,92.7,27.1,946.5,normal
2026-09-10T19:56:05.216665,AWS_003,26.69,27.2,92.5,27.11,946.5,normal
2026-09-10T19:56:07.230953,AWS_003,26.69,27.2,92.7,27.11,946.5,normal
2026-09-10T19:56:09.242823,AWS_003,26.69,27.2,92.6,27.11,946.5,normal
2026-09-10T19:56:11.263630,AWS_003,26.75,27.2,92.7,27.11,946.5,normal
2026-09-10T19:56:13.283761,AWS_003,26.75,27.2,92.6,27.12,946.5,normal
2026-09-10T19:56:15.302440,AWS_003,26.75,27.2,92.6,27.12,946.51,normal
2026-09-10T19:56:17.318015,AWS_003,26.75,27.2,92.6,27.12,946.51,normal
2026-09-10T19:56:19.342928,AWS_003,26.69,27.2,92.6,27.12,946.51,normal
2026-09-10T19:56:21.359280,AWS_003,26.69,27.2,92.6,27.11,946.51,normal
2026-09-10T19:56:23.377462,AWS_003,26.69,27.2,92.5,27.11,946.51,normal
2026-09-10T19:56:25.385962,AWS_003,26.75,27.2,92.6,27.11,946.51,normal
2026-09-10T19:56:27.413196,AWS_003,26.75,27.2,92.7,27.11,946.51,normal
2026-09-10T19:56:29.432164,AWS_003,26.69,27.2,92.6,27.11,946.52,normal
2026-09-10T19:56:31.444730,AWS_003,26.69,27.2,92.6,27.1,946.52,normal
2026-09-10T19:56:33.457501,AWS_003,26.69,27.2,92.7,27.1,946.52,normal
2026-09-10T19:56:35.478535,AWS_003,26.69,27.2,92.7,27.1,946.52,normal
2026-09-10T19:56:37.502431,AWS_003,26.69,27.2,92.6,27.1,946.52,normal
2026-09-10T19:56:39.520035,AWS_003,26.69,27.2,92.6,27.09,946.52,normal
2026-09-10T19:56:41.529697,AWS_003,26.69,27.2,92.7,27.09,946.52,normal
2026-09-10T19:56:43.556676,AWS_003,26.69,27.2,92.7,27.09,946.52,normal
2026-09-10T19:56:45.574775,AWS_003,26.69,27.2,92.7,27.09,946.52,normal
2026-09-10T19:56:47.592601,AWS_003,26.69,27.2,92.6,27.09,946.52,normal
2026-09-10T19:56:49.610010,AWS_003,26.69,27.2,92.6,27.09,946.52,normal
2026-09-10T19:56:51.639396,AWS_003,26.69,27.2,92.6,27.09,946.52,normal
2026-09-10T19:56:53.646176,AWS_003,26.69,27.2,92.8,27.09,946.51,normal
2026-09-10T19:56:55.663475,AWS_003,26.69,27.2,92.7,27.09,946.51,normal
2026-09-10T19:56:57.677559,AWS_003,26.69,27.2,92.7,27.09,946.52,normal
2026-09-10T19:56:59.687954,AWS_003,26.69,27.2,92.7,27.09,946.52,normal
2026-09-10T19:57:01.705274,AWS_003,26.69,27.2,92.5,27.09,946.52,normal
2026-09-10T19:57:03.734913,AWS_003,26.75,27.2,92.8,27.09,946.52,normal
2026-09-10T19:57:05.752432,AWS_003,26.75,27.2,92.6,27.09,946.52,normal
2026-09-10T19:57:07.770080,AWS_003,26.69,27.2,92.6,27.1,946.52,normal
2026-09-10T19:57:09.788214,AWS_003,26.69,27.2,92.6,27.1,946.52,normal
2026-09-10T19:57:11.802316,AWS_003,26.69,27.2,92.7,27.1,946.52,normal
2026-09-10T19:57:13.823734,AWS_003,26.69,27.2,92.6,27.1,946.52,normal
2026-09-10T19:57:15.843549,AWS_003,26.69,27.2,92.8,27.1,946.52,normal
2026-09-10T19:57:17.858841,AWS_003,26.69,27.2,92.7,27.1,946.52,normal
2026-09-10T19:57:19.876998,AWS_003,26.69,27.2,92.5,27.1,946.52,normal
2026-09-10T19:57:21.884291,AWS_003,26.69,27.2,92.6,27.09,946.52,normal
2026-09-10T19:57:23.912969,AWS_003,26.69,27.2,92.6,27.09,946.52,normal
2026-09-10T19:57:25.931164,AWS_003,26.69,27.2,92.7,27.09,946.52,normal
2026-09-10T19:57:27.948868,AWS_003,26.69,27.2,92.7,27.09,946.52,normal
2026-09-10T19:57:29.967007,AWS_003,26.69,27.2,92.7,27.09,946.52,normal
2026-09-10T19:57:31.977222,AWS_003,26.69,27.2,92.7,27.09,946.51,normal
2026-09-10T19:57:34.001935,AWS_003,26.69,27.2,92.6,27.08,946.51,normal
2026-09-10T19:57:36.012606,AWS_003,26.69,27.2,92.7,27.08,946.51,normal
2026-09-10T19:57:38.029432,AWS_003,26.69,27.2,92.8,27.08,946.52,normal
2026-09-10T19:57:40.055425,AWS_003,26.69,27.2,92.7,27.08,946.51,normal
2026-09-10T19:57:42.074707,AWS_003,26.69,27.2,92.7,27.07,946.51,normal
2026-09-10T19:57:44.088147,AWS_003,26.69,27.2,92.8,27.07,946.51,normal
2026-09-10T19:57:46.109053,AWS_003,26.69,27.2,92.7,27.07,946.51,normal
2026-09-10T19:57:48.117501,AWS_003,26.69,27.2,92.7,27.07,946.51,normal
2026-09-10T19:57:50.145088,AWS_003,26.69,27.2,92.7,27.07,946.51,normal
2026-09-10T19:57:52.162919,AWS_003,26.69,27.2,92.6,27.08,946.51,normal
2026-09-10T19:57:54.180666,AWS_003,26.69,27.2,92.7,27.08,946.51,normal
2026-09-10T19:57:56.188082,AWS_003,26.69,27.2,92.6,27.08,946.51,normal
2026-09-10T19:57:58.217129,AWS_003,26.69,27.2,92.7,27.08,946.51,normal
2026-09-10T19:58:00.234430,AWS_003,26.69,27.2,92.7,27.08,946.51,normal
2026-09-10T19:58:02.252940,AWS_003,26.69,27.2,92.5,27.08,946.51,normal
2026-09-10T19:58:04.272409,AWS_003,26.69,27.2,92.7,27.08,946.51,normal
2026-09-10T19:58:06.282443,AWS_003,26.69,27.2,92.6,27.08,946.51,normal
2026-09-10T19:58:08.306789,AWS_003,26.69,27.2,92.7,27.08,946.51,normal
2026-09-10T19:58:10.325148,AWS_003,26.69,27.2,92.7,27.08,946.51,normal
2026-09-10T19:58:12.340448,AWS_003,26.69,27.2,92.7,27.08,946.5,normal
2026-09-10T19:58:14.358348,AWS_003,26.69,27.2,92.6,27.08,946.51,normal
2026-09-10T19:58:16.379007,AWS_003,26.69,27.2,92.7,27.07,946.51,normal
2026-09-10T19:58:18.393663,AWS_003,26.69,27.2,92.6,27.07,946.51,normal
2026-09-10T19:58:20.413058,AWS_003,26.69,27.2,92.5,27.07,946.52,normal
2026-09-10T19:58:22.428613,AWS_003,26.69,27.1,92.6,27.07,946.52,normal
2026-09-10T19:58:24.450378,AWS_003,26.69,27.2,92.7,27.07,946.51,normal
2026-09-10T19:58:26.468666,AWS_003,26.69,27.2,92.6,27.07,946.51,normal
2026-09-10T19:58:28.477526,AWS_003,26.69,27.2,92.7,27.08,946.51,normal
2026-09-10T19:58:30.493716,AWS_003,26.69,27.2,92.7,27.08,946.51,normal
2026-09-10T19:58:32.509669,AWS_003,26.69,27.2,92.7,27.08,946.5,normal
2026-09-10T19:58:34.540004,AWS_003,26.69,27.1,92.6,27.08,946.5,normal
2026-09-10T19:58:36.558110,AWS_003,26.69,27.2,92.7,27.08,946.5,normal
2026-09-10T19:58:38.576395,AWS_003,26.69,27.2,92.7,27.07,946.51,normal
2026-09-10T19:58:40.594054,AWS_003,26.69,27.2,92.7,27.07,946.51,normal
2026-09-10T19:58:42.607194,AWS_003,26.69,27.2,92.8,27.07,946.5,normal
2026-09-10T19:58:44.619186,AWS_003,26.69,27.2,92.7,27.07,946.5,normal
2026-09-10T19:58:46.634562,AWS_003,26.69,27.2,92.7,27.08,946.5,normal
2026-09-10T19:58:48.664742,AWS_003,26.69,27.2,92.6,27.08,946.5,normal
2026-09-10T19:58:50.682890,AWS_003,26.69,27.2,92.7,27.08,946.5,normal
2026-09-10T19:58:52.700578,AWS_003,26.69,27.1,92.7,27.08,946.5,normal
2026-09-10T19:58:54.715581,AWS_003,26.69,27.2,92.8,27.08,946.5,normal
2026-09-10T19:58:56.728303,AWS_003,26.69,27.2,92.7,27.08,946.51,normal
2026-09-10T19:58:58.747237,AWS_003,26.69,27.2,92.7,27.08,946.51,normal
2026-09-10T19:59:00.771081,AWS_003,26.69,27.2,92.6,27.09,946.51,normal
2026-09-10T19:59:02.781618,AWS_003,26.69,27.2,92.7,27.09,946.51,normal
2026-09-10T19:59:04.807367,AWS_003,26.69,27.2,92.7,27.09,946.51,normal
2026-09-10T19:59:06.824046,AWS_003,26.69,27.2,92.7,27.09,946.51,normal
2026-09-10T19:59:08.842022,AWS_003,26.69,27.1,92.6,27.09,946.51,normal
2026-09-10T19:59:10.859822,AWS_003,26.69,27.2,92.7,27.09,946.51,normal
2026-09-10T19:59:12.877175,AWS_003,26.69,27.2,92.6,27.09,946.5,normal
2026-09-10T19:59:14.894912,AWS_003,26.69,27.2,92.7,27.1,946.51,normal
2026-09-10T19:59:16.913042,AWS_003,26.69,27.2,92.7,27.1,946.51,normal
2026-09-10T19:59:18.925575,AWS_003,26.69,27.2,92.7,27.1,946.5,normal
2026-09-10T19:59:20.948598,AWS_003,26.69,27.2,92.6,27.1,946.51,normal
2026-09-10T19:59:22.967798,AWS_003,26.69,27.2,92.7,27.1,946.51,normal
2026-09-10T19:59:24.985065,AWS_003,26.69,27.2,92.7,27.1,946.51,normal
2026-09-10T19:59:26.996354,AWS_003,26.69,27.2,92.7,27.1,946.51,normal
2026-09-10T19:59:29.022054,AWS_003,26.69,27.2,92.7,27.1,946.51,normal
2026-09-10T19:59:31.035135,AWS_003,26.69,27.2,92.5,27.1,946.51,normal
2026-09-10T19:59:33.051876,AWS_003,26.69,27.2,92.6,27.1,946.5,normal
2026-09-10T19:59:35.066038,AWS_003,26.69,27.2,92.8,27.1,946.51,normal
2026-09-10T19:59:37.081873,AWS_003,26.75,27.2,92.8,27.1,946.51,normal
2026-09-10T19:59:39.109070,AWS_003,26.69,27.2,92.8,27.1,946.51,normal
2026-09-10T19:59:41.125454,AWS_003,26.69,27.2,92.6,27.1,946.51,normal
2026-09-10T19:59:43.134631,AWS_003,26.69,27.2,92.6,27.1,946.51,normal
2026-09-10T19:59:45.156923,AWS_003,26.69,27.2,92.7,27.1,946.51,normal
2026-09-10T19:59:47.178794,AWS_003,26.69,27.2,92.7,27.1,946.51,normal
2026-09-10T19:59:49.190700,AWS_003,26.69,27.2,92.8,27.09,946.51,normal
2026-09-10T19:59:51.213456,AWS_003,26.69,27.2,92.6,27.09,946.51,normal
2026-09-10T19:59:53.237334,AWS_003,26.69,27.2,92.7,27.09,946.51,normal
2026-09-10T19:59:55.249695,AWS_003,26.69,27.2,92.7,27.09,946.51,normal
2026-09-10T19:59:57.265461,AWS_003,26.69,27.2,92.6,27.09,946.51,normal
2026-09-10T19:59:59.281445,AWS_003,26.69,27.2,92.6,27.09,946.52,normal
2026-09-10T20:00:01.294341,AWS_003,26.69,27.2,92.7,27.08,946.52,normal
2026-09-10T20:00:03.320915,AWS_003,26.69,27.2,92.7,27.08,946.52,normal
2026-09-10T20:00:05.339047,AWS_003,26.69,27.2,92.6,27.08,946.52,normal
2026-09-10T20:00:07.353763,AWS_003,26.69,27.2,92.7,27.08,946.52,normal
2026-09-10T20:00:09.375215,AWS_003,26.69,27.1,92.6,27.08,946.52,normal
2026-09-10T20:00:11.392602,AWS_003,26.69,27.2,92.7,27.08,946.52,normal
2026-09-10T20:00:13.400921,AWS_003,26.69,27.2,92.6,27.08,946.52,normal
2026-09-10T20:00:15.428568,AWS_003,26.69,27.2,92.7,27.08,946.52,normal
2026-09-10T20:00:17.446833,AWS_003,26.69,27.2,92.6,27.09,946.52,normal
2026-09-10T20:00:19.456714,AWS_003,26.69,27.2,92.7,27.09,946.52,normal
2026-09-10T20:00:21.477654,AWS_003,26.69,27.2,92.6,27.09,946.52,normal
2026-09-10T20:00:23.491093,AWS_003,26.69,27.2,92.7,27.09,946.52,normal
2026-09-10T20:00:25.517366,AWS_003,26.69,27.1,92.6,27.1,946.53,normal
2026-09-10T20:00:27.533397,AWS_003,26.69,27.2,92.7,27.1,946.52,normal
2026-09-10T20:00:29.545132,AWS_003,26.69,27.2,92.7,27.1,946.53,normal
2026-09-10T20:00:31.572264,AWS_003,26.69,27.1,92.6,27.1,946.53,normal
2026-09-10T20:03:39.089915,AWS_003,26.69,27.2,92.7,27.1,946.52,normal
2026-09-10T20:03:39.759405,AWS_003,26.75,27.2,92.7,27.1,946.52,normal
2026-09-10T20:03:40.539565,AWS_003,26.69,27.2,92.7,27.1,946.53,normal
2026-09-10T20:03:40.629404,AWS_003,26.69,27.2,92.7,27.1,946.53,normal
2026-09-10T20:03:40.652262,AWS_003,26.69,27.2,92.8,27.11,946.53,normal
2026-09-10T20:03:40.680775,AWS_003,26.75,27.1,92.7,27.11,946.53,normal
2026-09-10T20:03:40.709762,AWS_003,26.69,27.2,92.6,27.11,946.53,normal
2026-09-10T20:03:40.724893,AWS_003,26.69,27.2,92.7,27.11,946.53,normal
2026-09-10T20:03:40.827155,AWS_003,26.75,27.2,92.7,27.11,946.52,normal
2026-09-10T20:03:40.889622,AWS_003,26.69,27.2,92.6,27.11,946.53,normal
2026-09-10T20:03:40.895027,AWS_003,26.69,27.2,92.6,27.1,946.52,normal
2026-09-10T20:03:40.898731,AWS_003,26.69,27.2,92.7,27.1,946.52,normal
2026-09-10T20:03:40.905222,AWS_003,26.75,27.2,92.8,27.1,946.52,normal
2026-09-10T20:03:40.908728,AWS_003,26.69,27.2,92.6,27.09,946.52,normal
2026-09-10T20:03:40.913741,AWS_003,26.69,27.2,92.7,27.09,946.52,normal
2026-09-10T20:03:40.925558,AWS_003,26.75,27.2,92.7,27.09,946.52,normal
2026-09-10T20:03:40.931288,AWS_003,26.69,27.2,92.6,27.09,946.51,normal
2026-09-10T20:03:40.936287,AWS_003,26.69,27.2,92.6,27.09,946.52,normal
2026-09-10T20:03:40.945826,AWS_003,26.69,27.2,92.6,27.09,946.53,normal
2026-09-10T20:03:40.960134,AWS_003,26.69,27.2,92.5,27.09,946.53,normal
2026-09-10T20:03:40.971753,AWS_003,26.69,27.2,92.7,27.08,946.53,normal
2026-09-10T20:03:40.980035,AWS_003,26.69,27.2,92.8,27.08,946.54,normal
2026-09-10T20:03:40.985034,AWS_003,26.69,27.2,92.6,27.08,946.54,normal
2026-09-10T20:03:40.994646,AWS_003,26.69,27.2,92.7,27.08,946.53,normal
2026-09-10T20:03:40.998657,AWS_003,26.69,27.2,92.6,27.08,946.54,normal
2026-09-10T20:03:41.007374,AWS_003,26.69,27.2,92.7,27.08,946.54,normal
2026-09-10T20:03:41.012031,AWS_003,26.69,27.2,92.6,27.08,946.53,normal
2026-09-10T20:03:41.016040,AWS_003,26.69,27.2,92.6,27.08,946.53,normal
2026-09-10T20:03:41.024814,AWS_003,26.69,27.2,92.7,27.08,946.53,normal
2026-09-10T20:03:41.044314,AWS_003,26.69,27.2,92.6,27.08,946.53,normal
2026-09-10T20:03:41.050259,AWS_003,26.69,27.1,92.5,27.08,946.53,normal
2026-09-10T20:03:41.059585,AWS_003,26.69,27.2,92.7,27.08,946.53,normal
2026-09-10T20:03:41.063243,AWS_003,26.69,27.2,92.6,27.08,946.53,normal
2026-09-10T20:03:41.070189,AWS_003,26.75,27.2,92.6,27.08,946.53,normal
2026-09-10T20:03:41.075499,AWS_003,26.69,27.2,92.6,27.08,946.54,normal
2026-09-10T20:03:41.080866,AWS_003,26.69,27.2,92.7,27.08,946.54,normal
2026-09-10T20:03:41.087906,AWS_003,26.69,27.2,92.6,27.08,946.54,normal
2026-09-10T20:03:41.094712,AWS_003,26.69,27.2,92.6,27.08,946.54,normal
2026-09-10T20:03:41.098718,AWS_003,26.69,27.2,92.7,27.08,946.54,normal
2026-09-10T20:03:41.107305,AWS_003,26.69,27.2,92.6,27.08,946.54,normal
2026-09-10T20:03:41.112870,AWS_003,26.69,27.2,92.6,27.08,946.54,normal
2026-09-10T20:03:41.122925,AWS_003,26.69,27.2,92.6,27.08,946.54,normal
2026-09-10T20:03:41.127971,AWS_003,26.69,27.1,92.8,27.08,946.55,normal
2026-09-10T20:03:41.132199,AWS_003,26.69,27.2,92.6,27.08,946.55,normal
2026-09-10T20:03:41.138986,AWS_003,26.69,27.1,92.6,27.08,946.55,normal
2026-09-10T20:03:41.142657,AWS_003,26.69,27.2,92.6,27.08,946.55,normal
2026-09-10T20:03:41.147614,AWS_003,26.69,27.2,92.5,27.08,946.54,normal
2026-09-10T20:03:41.158477,AWS_003,26.69,27.2,92.5,27.09,946.55,normal
2026-09-10T20:03:41.163730,AWS_003,26.69,27.2,92.7,27.09,946.55,normal
2026-09-10T20:03:41.192184,AWS_003,26.69,27.2,92.7,27.09,946.55,normal
2026-09-10T20:03:41.210245,AWS_003,26.69,27.2,92.7,27.09,946.55,normal
2026-09-10T20:03:41.219346,AWS_003,26.69,27.2,92.6,27.09,946.55,normal
2026-09-10T20:03:41.224167,AWS_003,26.69,27.2,92.6,27.09,946.55,normal
2026-09-10T20:03:41.230151,AWS_003,26.69,27.1,92.6,27.09,946.56,normal
2026-09-10T20:03:41.239156,AWS_003,26.69,27.2,92.6,27.09,946.55,normal
2026-09-10T20:03:41.242233,AWS_003,26.69,27.2,92.7,27.09,946.55,normal
2026-09-10T20:03:41.248610,AWS_003,26.69,27.2,92.6,27.09,946.55,normal
2026-09-10T20:03:41.258681,AWS_003,26.69,27.2,92.6,27.09,946.55,normal
2026-09-10T20:03:41.264481,AWS_003,26.69,27.1,92.5,27.09,946.55,normal
2026-09-10T20:03:41.274206,AWS_003,26.69,27.2,92.6,27.09,946.55,normal
2026-09-10T20:03:41.279608,AWS_003,26.69,27.2,92.6,27.09,946.55,normal
2026-09-10T20:03:41.290594,AWS_003,26.69,27.2,92.6,27.09,946.55,normal
2026-09-10T20:03:41.295797,AWS_003,26.69,27.2,92.7,27.09,946.56,normal
2026-09-10T20:03:41.304603,AWS_003,26.69,27.2,92.6,27.09,946.56,normal
2026-09-10T20:03:41.309820,AWS_003,26.69,27.2,92.6,27.09,946.56,normal
2026-09-10T20:03:41.313651,AWS_003,26.69,27.2,92.7,27.09,946.56,normal
2026-09-10T20:03:41.319652,AWS_003,26.69,27.1,92.7,27.09,946.56,normal
2026-09-10T20:03:41.329025,AWS_003,26.69,27.2,92.6,27.09,946.56,normal
2026-09-10T20:03:41.335282,AWS_003,26.69,27.2,92.5,27.09,946.56,normal
2026-09-10T20:03:41.340854,AWS_003,26.69,27.2,92.6,27.09,946.56,normal
2026-09-10T20:03:41.344861,AWS_003,26.69,27.2,92.6,27.09,946.56,normal
2026-09-10T20:03:41.349122,AWS_003,26.69,27.2,92.6,27.09,946.57,normal
2026-09-10T20:03:41.356667,AWS_003,26.69,27.2,92.6,27.08,946.57,normal
2026-09-10T20:03:41.359674,AWS_003,26.69,27.2,92.5,27.08,946.57,normal
2026-09-10T20:03:41.363948,AWS_003,26.69,27.2,92.6,27.08,946.56,normal
2026-09-10T20:03:41.371752,AWS_003,26.69,27.2,92.6,27.08,946.56,normal
2026-09-10T20:03:41.375808,AWS_003,26.69,27.2,92.6,27.08,946.57,normal
2026-09-10T20:03:41.379730,AWS_003,26.69,27.2,92.7,27.08,946.57,normal
2026-09-10T20:03:41.386361,AWS_003,26.69,27.2,92.6,27.08,946.57,normal
2026-09-10T20:03:41.392790,AWS_003,26.69,27.2,92.7,27.07,946.57,normal
2026-09-10T20:03:41.395857,AWS_003,26.69,27.2,92.7,27.07,946.57,normal
2026-09-10T20:03:41.401558,AWS_003,26.69,27.2,92.7,27.07,946.57,normal
2026-09-10T20:03:41.411495,AWS_003,26.69,27.2,92.5,27.07,946.57,normal
2026-09-10T20:03:41.420515,AWS_003,26.69,27.2,92.6,27.07,946.58,normal
2026-09-10T20:03:41.428753,AWS_003,26.69,27.1,92.6,27.07,946.58,normal
2026-09-10T20:03:41.440104,AWS_003,26.69,27.1,92.6,27.07,946.58,normal
2026-09-10T20:03:41.443830,AWS_003,26.69,27.2,92.6,27.07,946.57,normal
2026-09-10T20:03:41.452577,AWS_003,26.69,27.2,92.6,27.07,946.57,normal
2026-09-10T20:03:41.463706,AWS_003,26.69,27.1,92.5,27.07,946.57,normal
2026-09-10T20:03:41.473172,AWS_003,26.69,27.2,92.4,27.07,946.57,normal
2026-09-10T20:03:41.477690,AWS_003,26.69,27.2,92.3,27.07,946.57,normal
2026-09-10T20:03:41.490991,AWS_003,26.69,27.2,92.3,27.07,946.57,normal
2026-09-10T20:03:41.497597,AWS_003,26.69,27.2,92.2,27.08,946.57,normal
2026-09-10T20:03:41.647904,AWS_003,26.69,27.2,92.2,27.08,946.57,normal
2026-09-10T20:03:43.272792,AWS_003,26.69,27.2,92.0,27.08,946.57,normal
2026-09-10T20:03:45.291852,AWS_003,26.75,27.2,92.0,27.09,946.57,normal
2026-09-10T20:03:47.309775,AWS_003,26.69,27.2,92.0,27.09,946.56,normal
2026-09-10T20:03:49.320772,AWS_003,26.69,27.2,91.9,27.09,946.57,normal
2026-09-10T20:03:51.346930,AWS_003,26.75,27.2,91.9,27.09,946.57,normal
2026-09-10T20:03:53.363609,AWS_003,26.69,27.2,91.7,27.09,946.57,normal
2026-09-10T20:03:55.382923,AWS_003,26.69,27.2,91.6,27.09,946.57,normal
2026-09-10T20:03:57.399472,AWS_003,26.75,27.2,91.5,27.09,946.57,normal
2026-09-10T20:03:59.412622,AWS_003,26.75,27.2,91.6,27.1,946.57,normal
2026-09-10T20:04:01.430004,AWS_003,26.75,27.2,91.5,27.1,946.57,normal
2026-09-10T20:04:03.454231,AWS_003,26.75,27.2,91.5,27.1,946.57,normal
2026-09-10T20:04:05.471712,AWS_003,26.75,27.2,91.5,27.1,946.57,normal
2026-09-10T20:04:07.489635,AWS_003,26.75,27.2,91.4,27.1,946.57,normal
2026-09-10T20:04:09.507145,AWS_003,26.75,27.2,91.4,27.11,946.57,normal
2026-09-10T20:04:11.526665,AWS_003,26.75,27.2,91.5,27.11,946.56,normal
2026-09-10T20:04:13.544119,AWS_003,26.75,27.2,91.3,27.11,946.57,normal
2026-09-10T20:04:15.561955,AWS_003,26.75,27.2,91.3,27.11,946.57,normal
2026-09-10T20:04:17.571796,AWS_003,26.75,27.2,91.3,27.11,946.56,normal
2026-09-10T20:04:19.598070,AWS_003,26.69,27.2,91.3,27.11,946.56,normal
2026-09-10T20:04:21.615658,AWS_003,26.75,27.2,91.2,27.11,946.56,normal
2026-09-10T20:04:23.632947,AWS_003,26.75,27.2,91.2,27.11,946.56,normal
2026-09-10T20:04:25.634906,AWS_003,26.75,27.2,91.1,27.11,946.56,normal
2026-09-10T20:04:27.667491,AWS_003,26.75,27.2,91.1,27.11,946.57,normal
2026-09-10T20:04:29.684137,AWS_003,26.75,27.2,90.9,27.11,946.57,normal
2026-09-10T20:04:31.700873,AWS_003,26.75,27.2,91.0,27.11,946.57,normal
2026-09-10T20:04:33.718262,AWS_003,26.75,27.2,90.9,27.11,946.57,normal
2026-09-10T20:04:35.737317,AWS_003,26.75,27.2,90.9,27.11,946.57,normal
2026-09-10T20:04:37.741621,AWS_003,26.75,27.2,90.8,27.1,946.57,normal
2026-09-10T20:04:39.770858,AWS_003,26.75,27.2,90.8,27.1,946.57,normal
2026-09-10T20:04:41.773138,AWS_003,26.75,27.2,90.8,27.1,946.57,normal
2026-09-10T20:04:43.804480,AWS_003,26.75,27.2,90.9,27.1,946.57,normal
2026-09-10T20:04:45.822851,AWS_003,26.75,27.2,90.9,27.1,946.58,normal
2026-09-10T20:04:47.835417,AWS_003,26.75,27.2,90.9,27.1,946.58,normal
2026-09-10T20:04:49.857670,AWS_003,26.75,27.3,91.0,27.1,946.58,normal
2026-09-10T20:04:51.867343,AWS_003,26.75,27.2,90.8,27.1,946.58,normal
2026-09-10T20:04:53.887380,AWS_003,26.75,27.2,91.0,27.11,946.58,normal
2026-09-10T20:04:55.902030,AWS_003,26.75,27.2,90.9,27.11,946.58,normal
2026-09-10T20:04:57.919641,AWS_003,26.75,27.2,91.0,27.11,946.58,normal
2026-09-10T20:04:59.937081,AWS_003,26.75,27.3,91.1,27.11,946.58,normal
2026-09-10T20:05:01.949807,AWS_003,26.75,27.2,90.9,27.11,946.58,normal
2026-09-10T20:05:03.979588,AWS_003,26.75,27.3,91.1,27.11,946.59,normal
2026-09-10T20:05:05.996630,AWS_003,26.75,27.3,91.1,27.11,946.59,normal
2026-09-10T20:05:08.013980,AWS_003,26.75,27.3,90.9,27.11,946.58,normal
2026-09-10T20:05:10.021784,AWS_003,26.75,27.3,91.0,27.11,946.58,normal
2026-09-10T20:05:12.047504,AWS_003,26.75,27.3,90.8,27.11,946.58,normal
2026-09-10T20:05:14.062378,AWS_003,26.81,27.3,91.1,27.11,946.58,normal
2026-09-10T20:05:16.078184,AWS_003,26.75,27.3,91.0,27.11,946.58,normal
