timestamp,node_id,live_model_version,live_prediction,live_confidence,live_confirmed,live_confirmed_fault,shadow_model_version,shadow_prediction,shadow_confidence,shadow_confirmed,shadow_confirmed_fault,agreement
2026-09-13T11:14:01.585816+00:00,AWS_001,V3,normal,0.7276518940925598,False,,V6_3_MULTISTATION_RECOVERY_AWARE,,,False,,
2026-09-13T11:14:02.016143+00:00,AWS_002,V5,normal,0.9997807145118713,False,,V6_3_MULTISTATION_RECOVERY_AWARE,,,False,,
2026-09-13T11:14:02.734363+00:00,AWS_003,V5,normal,0.9999746084213257,False,,V6_3_MULTISTATION_RECOVERY_AWARE,,,False,,
2026-09-13T11:14:03.559303+00:00,AWS_001,V3,normal,0.8309267163276672,False,,V6_3_MULTISTATION_RECOVERY_AWARE,,,False,,
2026-09-13T11:14:04.028220+00:00,AWS_002,V5,normal,0.9980435371398926,False,,V6_3_MULTISTATION_RECOVERY_AWARE,,,False,,
2026-09-13T11:14:04.735532+00:00,AWS_003,V5,normal,0.9998946189880371,False,,V6_3_MULTISTATION_RECOVERY_AWARE,,,False,,
2026-09-13T11:14:05.533634+00:00,AWS_001,V3,normal,0.9053860306739807,False,,V6_3_MULTISTATION_RECOVERY_AWARE,,,False,,
2026-09-13T11:14:05.998165+00:00,AWS_002,V5,normal,0.9782202243804932,False,,V6_3_MULTISTATION_RECOVERY_AWARE,,,False,,
2026-09-13T11:14:06.742317+00:00,AWS_003,V5,normal,0.9988951086997986,False,,V6_3_MULTISTATION_RECOVERY_AWARE,,,False,,
2026-09-13T11:14:08.006335+00:00,AWS_002,V5,normal,0.9615944027900696,False,,V6_3_MULTISTATION_RECOVERY_AWARE,,,False,,
2026-09-13T11:14:08.768348+00:00,AWS_003,V5,normal,0.9982463121414185,False,,V6_3_MULTISTATION_RECOVERY_AWARE,,,False,,
2026-09-13T11:14:09.559640+00:00,AWS_001,V3,normal,0.8967296481132507,False,,V6_3_MULTISTATION_RECOVERY_AWARE,,,False,,
2026-09-13T11:14:10.100439+00:00,AWS_002,V5,normal,0.9883772730827332,False,,V6_3_MULTISTATION_RECOVERY_AWARE,,,False,,
2026-09-13T11:14:10.903889+00:00,AWS_003,V5,normal,0.9995967745780945,False,,V6_3_MULTISTATION_RECOVERY_AWARE,,,False,,
2026-09-13T11:14:11.600112+00:00,AWS_001,V3,normal,0.9490110874176025,False,,V6_3_MULTISTATION_RECOVERY_AWARE,,,False,,
2026-09-13T11:14:12.068221+00:00,AWS_002,V5,normal,0.9982860684394836,False,,V6_3_MULTISTATION_RECOVERY_AWARE,,,False,,
2026-09-13T11:14:12.801493+00:00,AWS_003,V5,normal,0.9990580677986145,False,,V6_3_MULTISTATION_RECOVERY_AWARE,,,False,,
2026-09-13T11:14:13.612016+00:00,AWS_001,V3,normal,0.9678226709365845,False,,V6_3_MULTISTATION_RECOVERY_AWARE,,,False,,
2026-09-13T11:14:14.099680+00:00,AWS_002,V5,normal,0.9988945126533508,False,,V6_3_MULTISTATION_RECOVERY_AWARE,,,False,,
2026-09-13T11:14:14.949562+00:00,AWS_003,V5,normal,0.9986816048622131,False,,V6_3_MULTISTATION_RECOVERY_AWARE,,,False,,
2026-09-13T11:14:15.633508+00:00,AWS_001,V3,normal,0.9785190224647522,False,,V6_3_MULTISTATION_RECOVERY_AWARE,,,False,,
2026-09-13T11:14:16.076979+00:00,AWS_002,V5,normal,0.9700860977172852,False,,V6_3_MULTISTATION_RECOVERY_AWARE,,,False,,
2026-09-13T11:14:16.837043+00:00,AWS_003,V5,normal,0.9995697140693665,False,,V6_3_MULTISTATION_RECOVERY_AWARE,,,False,,
2026-09-13T11:14:17.642792+00:00,AWS_001,V3,normal,0.9756489396095276,False,,V6_3_MULTISTATION_RECOVERY_AWARE,,,False,,
2026-09-13T11:14:18.131254+00:00,AWS_002,V5,normal,0.9135503768920898,False,,V6_3_MULTISTATION_RECOVERY_AWARE,,,False,,
2026-09-13T11:14:18.856182+00:00,AWS_003,V5,normal,0.9992484450340271,False,,V6_3_MULTISTATION_RECOVERY_AWARE,,,False,,
2026-09-13T11:14:19.681332+00:00,AWS_001,V3,normal,0.9741024374961853,False,,V6_3_MULTISTATION_RECOVERY_AWARE,,,False,,
2026-09-13T11:14:20.131128+00:00,AWS_002,V5,normal,0.9982538819313049,False,,V6_3_MULTISTATION_RECOVERY_AWARE,,,False,,
2026-09-13T11:14:20.874804+00:00,AWS_003,V5,normal,0.999889612197876,False,,V6_3_MULTISTATION_RECOVERY_AWARE,,,False,,
2026-09-13T11:14:21.721393+00:00,AWS_001,V3,normal,0.9755659699440002,False,,V6_3_MULTISTATION_RECOVERY_AWARE,,,False,,
2026-09-13T11:14:22.147843+00:00,AWS_002,V5,normal,0.9906942844390869,False,,V6_3_MULTISTATION_RECOVERY_AWARE,,,False,,
2026-09-13T11:14:22.929657+00:00,AWS_003,V5,normal,0.9998784065246582,False,,V6_3_MULTISTATION_RECOVERY_AWARE,,,False,,
2026-09-13T11:14:23.747963+00:00,AWS_001,V3,normal,0.9727732539176941,False,,V6_3_MULTISTATION_RECOVERY_AWARE,,,False,,
2026-09-13T11:14:24.256981+00:00,AWS_002,V5,normal,0.9939583539962769,False,,V6_3_MULTISTATION_RECOVERY_AWARE,normal,0.9329874515533447,False,,True
2026-09-13T11:14:24.926964+00:00,AWS_003,V5,normal,0.9999616146087646,False,,V6_3_MULTISTATION_RECOVERY_AWARE,drift,0.6115580797195435,False,,False
2026-09-13T11:14:25.762461+00:00,AWS_001,V3,normal,0.9777634143829346,False,,V6_3_MULTISTATION_RECOVERY_AWARE,normal,0.9713950157165527,False,,True
2026-09-13T11:14:26.200125+00:00,AWS_002,V5,normal,0.9988065958023071,False,,V6_3_MULTISTATION_RECOVERY_AWARE,normal,0.8546494841575623,False,,True
2026-09-13T11:14:26.968074+00:00,AWS_003,V5,normal,0.999966025352478,False,,V6_3_MULTISTATION_RECOVERY_AWARE,normal,0.7686723470687866,False,,True
2026-09-13T11:14:27.787670+00:00,AWS_001,V3,normal,0.9797175526618958,False,,V6_3_MULTISTATION_RECOVERY_AWARE,normal,0.9596019387245178,False,,True
2026-09-13T11:14:28.319924+00:00,AWS_002,V5,normal,0.9980499744415283,False,,V6_3_MULTISTATION_RECOVERY_AWARE,normal,0.8964558243751526,False,,True
2026-09-13T11:14:28.968278+00:00,AWS_003,V5,normal,0.9999799728393555,False,,V6_3_MULTISTATION_RECOVERY_AWARE,normal,0.5078704357147217,False,,True
2026-09-13T11:14:29.799583+00:00,AWS_001,V3,normal,0.9773259162902832,False,,V6_3_MULTISTATION_RECOVERY_AWARE,normal,0.9504721760749817,False,,True
2026-09-13T11:14:30.199835+00:00,AWS_002,V5,normal,0.9941207766532898,False,,V6_3_MULTISTATION_RECOVERY_AWARE,normal,0.8739679455757141,False,,True
2026-09-13T11:14:30.955836+00:00,AWS_003,V5,normal,0.9996128678321838,False,,V6_3_MULTISTATION_RECOVERY_AWARE,drift,0.5703047513961792,False,,False
2026-09-13T11:14:33.878263+00:00,AWS_001,V3,corruption,0.9976158142089844,True,corruption,V6_3_MULTISTATION_RECOVERY_AWARE,corruption,0.9550768136978149,True,corruption,True
2026-09-13T11:14:32.219628+00:00,AWS_002,V5,normal,0.9928398132324219,False,,V6_3_MULTISTATION_RECOVERY_AWARE,normal,0.8315149545669556,False,,True
2026-09-13T11:14:32.977195+00:00,AWS_003,V5,normal,0.9996317625045776,False,,V6_3_MULTISTATION_RECOVERY_AWARE,drift,0.6791208386421204,False,,False
2026-09-13T11:14:35.865340+00:00,AWS_001,V3,corruption,0.9981328845024109,True,corruption,V6_3_MULTISTATION_RECOVERY_AWARE,corruption,0.996188223361969,True,corruption,True
2026-09-13T11:14:34.240435+00:00,AWS_002,V5,normal,0.99842369556427,False,,V6_3_MULTISTATION_RECOVERY_AWARE,normal,0.7238947153091431,False,,True
2026-09-13T11:14:34.984525+00:00,AWS_003,V5,normal,0.9999487400054932,False,,V6_3_MULTISTATION_RECOVERY_AWARE,drift,0.5982628464698792,False,,False
2026-09-13T11:14:37.872858+00:00,AWS_001,V3,corruption,0.9989408850669861,True,corruption,V6_3_MULTISTATION_RECOVERY_AWARE,corruption,0.9985117316246033,True,corruption,True
2026-09-13T11:14:36.248583+00:00,AWS_002,V5,normal,0.9995520710945129,False,,V6_3_MULTISTATION_RECOVERY_AWARE,normal,0.8998540639877319,False,,True
2026-09-13T11:14:37.028340+00:00,AWS_003,V5,normal,0.9998825788497925,False,,V6_3_MULTISTATION_RECOVERY_AWARE,drift,0.6742476224899292,False,,False
2026-09-13T11:14:39.892945+00:00,AWS_001,V3,corruption,0.9641764760017395,True,corruption,V6_3_MULTISTATION_RECOVERY_AWARE,normal,0.9999998807907104,True,corruption,False
2026-09-13T11:14:38.291647+00:00,AWS_002,V5,normal,0.999234676361084,False,,V6_3_MULTISTATION_RECOVERY_AWARE,normal,0.9154887795448303,False,,True
2026-09-13T11:14:39.034754+00:00,AWS_003,V5,normal,0.9999129772186279,False,,V6_3_MULTISTATION_RECOVERY_AWARE,normal,0.4718574285507202,False,,True
2026-09-13T11:14:41.961505+00:00,AWS_001,V3,corruption,0.970670223236084,True,corruption,V6_3_MULTISTATION_RECOVERY_AWARE,normal,0.9999998807907104,True,corruption,False
2026-09-13T11:14:42.348493+00:00,AWS_002,V5,normal,0.9980900883674622,False,,V6_3_MULTISTATION_RECOVERY_AWARE,normal,0.8984145522117615,False,,True
2026-09-13T11:14:41.053862+00:00,AWS_003,V5,normal,0.9997456669807434,False,,V6_3_MULTISTATION_RECOVERY_AWARE,normal,0.6477699279785156,False,,True
2026-09-13T11:14:43.998898+00:00,AWS_001,V3,,,False,,V6_3_MULTISTATION_RECOVERY_AWARE,normal,1.0,False,,
2026-09-13T11:14:44.362624+00:00,AWS_002,V5,normal,0.999448835849762,False,,V6_3_MULTISTATION_RECOVERY_AWARE,normal,0.9224684238433838,False,,True
2026-09-13T11:14:43.319954+00:00,AWS_003,V5,normal,0.9996585845947266,False,,V6_3_MULTISTATION_RECOVERY_AWARE,drift,0.6411608457565308,False,,False
2026-09-13T11:14:46.026541+00:00,AWS_001,V3,,,False,,V6_3_MULTISTATION_RECOVERY_AWARE,normal,0.9999998807907104,False,,
2026-09-13T11:14:46.394854+00:00,AWS_002,V5,normal,0.9990611672401428,False,,V6_3_MULTISTATION_RECOVERY_AWARE,normal,0.8273230195045471,False,,True
2026-09-13T11:14:45.105929+00:00,AWS_003,V5,normal,0.9995150566101074,False,,V6_3_MULTISTATION_RECOVERY_AWARE,drift,0.556846559047699,False,,False
2026-09-13T11:14:48.043517+00:00,AWS_001,V3,,,False,,V6_3_MULTISTATION_RECOVERY_AWARE,normal,0.9999997615814209,False,,
2026-09-13T11:14:48.362871+00:00,AWS_002,V5,normal,0.9978221654891968,False,,V6_3_MULTISTATION_RECOVERY_AWARE,normal,0.9116113185882568,False,,True
2026-09-13T11:14:47.135956+00:00,AWS_003,V5,normal,0.9991986155509949,False,,V6_3_MULTISTATION_RECOVERY_AWARE,normal,0.718067467212677,False,,True
2026-09-13T11:14:50.042918+00:00,AWS_001,V3,,,False,,V6_3_MULTISTATION_RECOVERY_AWARE,normal,0.9999978542327881,False,,
2026-09-13T11:14:50.383400+00:00,AWS_002,V5,normal,0.9979288578033447,False,,V6_3_MULTISTATION_RECOVERY_AWARE,normal,0.7796797752380371,False,,True
2026-09-13T11:14:49.113348+00:00,AWS_003,V5,normal,0.9990147352218628,False,,V6_3_MULTISTATION_RECOVERY_AWARE,drift,0.6251753568649292,False,,False
2026-09-13T11:14:52.113375+00:00,AWS_001,V3,,,False,,V6_3_MULTISTATION_RECOVERY_AWARE,normal,0.999997615814209,False,,
2026-09-13T11:14:52.412741+00:00,AWS_002,V5,normal,0.9982296824455261,False,,V6_3_MULTISTATION_RECOVERY_AWARE,normal,0.7639439702033997,False,,True
2026-09-13T11:14:51.197137+00:00,AWS_003,V5,normal,0.9995495676994324,False,,V6_3_MULTISTATION_RECOVERY_AWARE,drift,0.6121792197227478,False,,False
2026-09-13T11:14:54.084506+00:00,AWS_001,V3,,,False,,V6_3_MULTISTATION_RECOVERY_AWARE,normal,0.9999954700469971,False,,
2026-09-13T11:14:54.475542+00:00,AWS_002,V5,normal,0.9913145899772644,False,,V6_3_MULTISTATION_RECOVERY_AWARE,normal,0.8005817532539368,False,,True
2026-09-13T11:14:53.168423+00:00,AWS_003,V5,normal,0.9968222379684448,False,,V6_3_MULTISTATION_RECOVERY_AWARE,normal,0.7785909175872803,False,,True
2026-09-13T11:14:56.458926+00:00,AWS_002,V5,normal,0.9987698197364807,False,,V6_3_MULTISTATION_RECOVERY_AWARE,normal,0.8092920780181885,False,,True
2026-09-13T11:14:57.207462+00:00,AWS_003,V5,normal,0.9756961464881897,False,,V6_3_MULTISTATION_RECOVERY_AWARE,drift,0.7036501169204712,False,,False
2026-09-13T11:14:58.129985+00:00,AWS_001,V3,,,False,,V6_3_MULTISTATION_RECOVERY_AWARE,normal,0.9999618530273438,False,,
2026-09-13T11:14:58.792064+00:00,AWS_002,V5,normal,0.9986924529075623,False,,V6_3_MULTISTATION_RECOVERY_AWARE,normal,0.7927912473678589,False,,True
2026-09-13T11:14:59.197761+00:00,AWS_003,V5,normal,0.9715898036956787,False,,V6_3_MULTISTATION_RECOVERY_AWARE,drift,0.7659785747528076,False,,False
2026-09-13T11:15:02.197757+00:00,AWS_001,V3,,,False,,V6_3_MULTISTATION_RECOVERY_AWARE,normal,0.9998216032981873,False,,
2026-09-13T11:15:02.487129+00:00,AWS_002,V5,normal,0.9989797472953796,False,,V6_3_MULTISTATION_RECOVERY_AWARE,normal,0.7106887698173523,False,,True
2026-09-13T11:15:03.265419+00:00,AWS_003,V5,normal,0.997118353843689,False,,V6_3_MULTISTATION_RECOVERY_AWARE,drift,0.8358665704727173,False,,False
2026-09-13T11:15:04.217755+00:00,AWS_001,V3,,,False,,V6_3_MULTISTATION_RECOVERY_AWARE,normal,0.9990507960319519,False,,
2026-09-13T11:15:04.540500+00:00,AWS_002,V5,normal,0.9984171390533447,False,,V6_3_MULTISTATION_RECOVERY_AWARE,normal,0.6809590458869934,False,,True
2026-09-13T11:15:05.298792+00:00,AWS_003,V5,normal,0.998206615447998,False,,V6_3_MULTISTATION_RECOVERY_AWARE,drift,0.7369647026062012,False,,False
2026-09-13T11:15:06.229808+00:00,AWS_001,V3,freeze,0.6345047950744629,False,,V6_3_MULTISTATION_RECOVERY_AWARE,normal,0.9810962080955505,False,,False
2026-09-13T11:15:06.522752+00:00,AWS_002,V5,normal,0.9934467673301697,False,,V6_3_MULTISTATION_RECOVERY_AWARE,normal,0.6839226484298706,False,,True
2026-09-13T11:15:08.264630+00:00,AWS_001,V3,freeze,0.6733986139297485,False,,V6_3_MULTISTATION_RECOVERY_AWARE,normal,0.9553231000900269,False,,False
2026-09-13T11:15:08.602670+00:00,AWS_002,V5,normal,0.999508261680603,False,,V6_3_MULTISTATION_RECOVERY_AWARE,normal,0.5808321833610535,False,,True
2026-09-13T11:15:09.317754+00:00,AWS_003,V5,normal,0.9995941519737244,False,,V6_3_MULTISTATION_RECOVERY_AWARE,drift,0.7224568724632263,False,,False
